,query,address,resptype,qname,qcontent,acontent
0,복통,https://kin.naver.com/qna/detail.nhn?d1id=7&dirId=70104&docId=319519225&qb=67O17Ya1&enc=utf8&section=kin.qna&rank=1&search_sort=0&spq=0,1,쥐어짜는 듯한 복통이 몇분을 주기로 반복되면서 무른 변을 배출해야 복통이 나아지는 현상을 2주정도 하고있어요. 무른변으로 다 배출하고 나면 다음 변을 보아야할 때 똑같은 현상이 반복되어 변을 배출해요ㅠㅠㅠㅜ 왜그럴까요ㅠㅠ 배아프기시작하면 무서워요,,"안녕하세요. 하이닥-네이버 지식iN 상담의 심원섭 입니다.  질문자님의 증상은 정확한 진료가 필요하지만 과민성대장증후군의 증상으로 생각됩니다. 과민성대장증후군은 기능성 장질환의 하나인데 특별한 이유 없이 장이 예민하게 반응해 복통과 복부팽만, 설사, 변비 등이 나타나는 질환입니다.  대변의 형태에 따라 설사형, 변비형, 혼합형으로 나누게 됩니다.모든 연령에서 발생 가능하지만 남자보다는 여자에서 더 많이 나타나며 심각한 질환은 아니지만 화장실을 자주 찾게 되어 일상생활에 지장을 많이 줍니다.발병원인은 명확하지 않으나 예민한 장감각, 장운동이상, 신체적, 정신적원인, 면역활성, 호르몬조절이상, 소장세균 과다 증식, 유전 등이 영향을 주는 것으로 알려져 있습니다.그중 스트레스도 큰 영향을 줍니다. 과도한 스트레스로 장운동을 조절하는 자율신경 균형이 깨지면서 장운동이상이 생기는 것입니다. 움직임이 빠르면 설사가 느려지면 변비로 발생하며 그외 음주나 자극적인 음식의 섭취도 원인일 수 있습니다.증상은 식사후 스트레스를 받을때 복통이나 불쾌한 기분을 느끼지만 대변을 보면 증상이 완화가 되고 배변의 횟수가 하루에 3회 혹은 3일에 한번 보기도 어렵게 바뀌거나 변이 단단해지거나 풀어져 나오는 등 대변형태의 변화가 있기도 합니다. 대변에 코 같은 점액질이 나오거나 대변을 보아도 시원하지 않고 또 보고 싶다면 과민성대장증후군을 의심할 수 있어요. 치료로는 음식섭취 조절만으로 쉽고 효과적으로 호전되는 경우가 많아요.  그러므로, 과식이나 빨리먹기, 매운 음식등 소화기관에  부담을 주는 행위는 삼가하시고 장에서 잘 흡수되지 않는 특정당 성분인 포드맵이 함유된 음식은 피하시는 것이 좋습니다.* 과민성대장증후군에 좋은 Low FODMAP 음식 바나나, 포도, 블루베리, 키위, 라즈베리, 레몬, 오렌지, 딸기, 귤, 죽순, 당근, 감자, 고구마, 토마토, 완두콩, 호박, 청경채, 샐러리,생강, 상추, 피망, 근대, 시금치, 순무, 글루텐 프리 제품, 밥, 오트밀, 귀리, 기장, 차전자피, 퀴노아, 타피오카,   유당제거 우유 , 올리브 오일, 소금, 설탕, 대체감미료(메이플시럽, 당밀), 허브(로즈마리, 오레가노, 파슬리, 타임, 바질)* 과민성대장증후군이 피해야 할 High FODMAP 음식 사과, 배, 수박, 액상과당(사이다, 콜라), 우유, 치즈, 아이스크림, 생마늘, 생양파, 양배추, 올리고당, 콩류 , 사과, 살구, 체리, 자두, 아보카도, 버섯, 자일리톨포드맵식품은 소화효소에 의해 분해되지 않아 설사와 가스를 유발하고 증상을 악화시킵니다. 식이요법은 개개인마다 차이가 크므로 음식일지를 작성해 증상이 심해지는 음식을 피하고 스트레스를 줄이기 위한 자신의 방법을 찾아보는 노력이 필요합니다.  현재까지는 과민성장증후군을 완벽하게 해결해 주는 치료제는 없습니다. 항경련제나 변비약, 지사제 등의 약물로 증상을 완화시키는 정도입니다 .약을 처방 받더라도 재발이 잦기 때문에 식습관 개선, 스트레스를 줄이는 것이 과민성장증후군 치료에서 중요합니다. 대부분 증상이 호전과 악화를 반복하지만 심각한 질병으로 진행될 가능성은 없습니다.그러나 처음에는 증상이 대장질환과 유사하므로 암이나 다른 장질환을 배제 시키기 위해서는 대장내시경으로 확인이 필요할 수 있습니다.치료잘하시기 바랍니다. 항상 건강하십시오.감사합니다.            심원섭      외과 전문의      건강한미래항외과의원 031-414-8275   학력/자격 : 건국대학교 의학전문대학원 외래 초빙 교수 전공 : 대장항문외과      예약     홈페이지     위치       알아두세요!  1.질문자의 정보 참조 용도로 활용 가능하며, 정확한 개인 증상 파악은 의료 기관 내방을 통해 진행하시기 바랍니다. 2.상담의사의 최종적인 의학적 소견을 나타낸 것이 아니며, 답변을 제공한 개인 및 사업자의 법률적 책임이 없음을 알려드립니다. 3.시의적, 물리적 환경에 따라 변경된 의학적 이견을 가질 수 있으며, 의학적 소견이 상이한 여러 의견을 모두 수렴하지는 않습니다. 위 답변은 답변작성자가 경험과 지식을 바탕으로 작성한 내용입니다. 포인트로 감사할 때 참고해주세요.   2019.01.23."
1,복통,https://kin.naver.com/qna/detail.nhn?d1id=7&dirId=70104&docId=333728448&qb=67O17Ya1&enc=utf8&section=kin.qna&rank=2&search_sort=0&spq=0,1,복통설사..도와주세요,"안녕하세요 19살 고3 남자입니다.다름이 아니고 제가 저번주에도 아침에 일어났는데 배가아파서 변을 보니 설사를 하더라구요 그래서 그때는 그냥 가정의학과 가서 지사제 먹고 나았나 싶었는데 오늘 새벽에잠을 자는데 배가 너무 아파서 도저히 못자겠는거에요 결국새벽부터 일어나서 변을 보는데 설사가 나오면서 복통이 너무심하게 동반되는거에요 저번주에도 변 볼때 복통이 있긴 했지만 이정도는 아니었거든요 막 장이 찢어지는 느낌? 계속 왼쪽 배가 아프면서 막 식은땀 나고 설사, 점액변, 엄청 어두운 색의 변을 봤어요 그러고 아침에 가정의학과를 다시 갔다가 저번주에 먹었던 약을 먹었는데 이번에는 약 먹고 나서도 복통설사를 계속 하네요.. 저번에도 그렇고 이번에도잘때 좀 춥게 자긴 했어요 그리고 제 장도 예민한 편이에요아 잔변감도 엄청 심해요 ㅠㅠ 변을 볼때 너무 짜증나는게힘을 주면 점액변이 나오긴 나오는데 그러고 나서 배가 진짜찢어질듯이 너무 아파서 힘을 못주겠어요.. 힘을 안주면 변이또 안나오고.. 복통의 정도가 이건 진짜 미쳐버릴것 같아서큰 병원 가야되나.. 속으로 생각도 하고있는데요 인터넷검색해보니까 뭐 궤양성 대장염이랑 증상이 비슷한거 같던데아니겠죠?? 오늘 새벽부터 지금까지 설사, 점액변을 대략 6~7번 정도 본거 같아요.. 고3이라서 빨리 회복하고 학업에집중해야 하는데 너무 힘드네요.. 어떻게 해야 하나요??약을 지금 아침 점심약만 먹었는데 계속 약 먹으면서 상황지켜봐야 되나요 아니면 빨리 큰 병원가서 검사 맡아야하나요?? 저 좀 도와주세요 ㅠㅠ","안녕하세요. 대한의사협회·네이버 지식iN 상담의사 이무혁 입니다.   - 심한 복통, 설사는        ( 그 전에 섭취한 상한 음식물로 인한 ) 배탈이므로,,    위장의 오염된 내용물이 완전 빠지면 낫습니다.   - 따라서 빨리 낫을려면           수분섭취하면서 금식해야 해야 합니다. (지사제 쓰면 더 오래 감)     1-2일 금식동안에 수분보충으로 링겔이 제일 좋고      (링겔주사 어렵다면) 링겔 대용으로 보리차 + 설탕 약간 + 소금 미량 = 3가지 끓인 따끈한 보리차를 조금씩 섭취합니다.   (( 절대 금식 .        끓인 보리차는 따뜻한 보리차를 섭취, 찬 물은 금지 )) (( 낫으면 미음 , 맨죽으로만 하루 섭취하고      괜찮으면 다음 날부터 자연식 식사입니다 ))   (( 핫팩으로 배를 따뜻하게 해주면 진통에 도움이 됨 ))"
2,복통,https://kin.naver.com/qna/detail.nhn?d1id=7&dirId=70117&docId=329230130&qb=67O17Ya1&enc=utf8&section=kin.qna&rank=3&search_sort=0&spq=0,1,간헐적인 상복부 복통,이틀전부터 간간히 복통이 오는데 누워있을 경우 장기가 눌리는듯한 ? 복통이 생겻습니다.누워있을경우 복통이 더 심해서 앉아있다가 다시 누워있어야 할정도 입니다.왜그런거일까요,"안녕하세요. 대한의사협회·네이버 지식iN 상담의사 김동규 입니다. 많이 불편하시죠?  복통이 음식을 먹는것과 관련이 있는지, 자세와 관련이 있는지, 신물느낌이 있는지, 통증이 주기적인지, 간헐적인지, 쥐어짜는지, 콕콕쑤시는지, 뭐 여러가지 증상들을 알아야 합니다. 가장 흔한 질환은 급성위염이고, 그 외에 담낭질환이나 여러가지 유발질환들을 고려할 수도 있습니다. 환자들이 할 수 있는 기초적인 처치로는  1. 통증이 있으면 금식하세요. - 금식 후 증상이 호전이 된다면 물, 미음, 죽으로 식단을 진행하세요.  2. 식은땀이 나거나, 열이 나거나, 꽤 많이 아프면 병원 진료를 받으세요."
3,복통,https://kin.naver.com/qna/detail.nhn?d1id=7&dirId=70111&docId=329568834&qb=67O17Ya1&enc=utf8&section=kin.qna&rank=4&search_sort=0&spq=0,1,복통으로 핫팩을 배에 두고 자다 일어나니빨갛게됨ㅡ메디폼붙이니 부분이 살이 일어나서하이맘번 지금붙이는중입니다어떻게 해야될까요병원진료없이 증상 고치는법 없나요,,안녕하세요. 피부과전문의 이해웅 입니다.  화상이 생긴 것으로 2도 화상 이상으로 생각됩니다. 이 정도면 세균 감염의 가능성 때문에 항생제 치료가 필요해보입니다. 가까운 피부과 전문의 병원에서 치료 받으세요. www.akd.or.kr 에서 검색 가능하세요.
4,복통,https://kin.naver.com/qna/detail.nhn?d1id=7&dirId=7010102&docId=333184406&qb=67O17Ya1&enc=utf8&section=kin.qna&rank=5&search_sort=0&spq=0,1,복통과 설사가 약을 먹어도 안 잡혀요,5일 전 부터 미열과 복통이 있다가 설사를 시작했습니다점액변도 봤구요 피도 섞여서 나오는 것 같이 불그스름해요지금까지 물 같은 풀어지는 변을 봅니다병원에서 피검사와 직장내시경을 했는데 피검사 정상이고 염증도 심한수준 아니어서 그냥 장염같다 쉬면 나을거다 라고했는데..처방받은 약 거의 다 먹어가고 있는데도 나을 기미가 안보입니다그리고 스멕타라는 지사제도 처방받았는데 지사제를 먹었는데도 변이 아직도 물같이 풀어지는 변이예요배가 자주 꾸룩꾸룩거리고 아파요.. 화장실 갔다 오면 진 빠지고 너무 어지럽고 복통이 심합니다ㅠㅠ혹시 장이 아니라 위가 안 좋아도 설사를 할 수 있는건가요거의 일주일째 이러니까 밥도 한 끼 제대로 못 먹고 죽을 것 같아요.. 도대체 뭐때문에 이러는걸까요,"약으안녕하세요. 하이닥-네이버 지식iN 상담의 김무웅 입니다.   설사, 복통으로 힘든 시간을 보내고 계시는군요   대변 검사는 받아 보았나요?   설사 증상이 지속되면 가능한 대변 검사를 한 번 받아보고, 만약 증상이 지속되면 입원하여 치료 받는 것도 고민해보는게 좋겠습니다   당연히 유제품, 콩제품 등은 피하고, 자극적인 음식은 피하고 계시리라 생각되지만 우려되어 한 번 더 이야기 드려보고,  지속시에는 가능한 입원하여 분변검사 및 수액 치료 등을 해보는게 좋겠습니다   감사합니다."
5,복통,https://kin.naver.com/qna/detail.nhn?d1id=7&dirId=70113&docId=333295724&qb=67O17Ya1&enc=utf8&section=kin.qna&rank=6&search_sort=0&spq=0,1,오줌이 안마려운데 복통이 있습니다,평소에 그런건아니구요 가끔 오줌싸는때가 지나면 마렵지않은데 복통만 나더라구요속이울렁거리는? 그런류의 통증인데 오줌싸면 조금있다 나아요그런데 오줌이 급한것은 아녀보이는게 아랫배를 눌려도 마렵다는 느낌이 안나거든요 근데 이렇네요이것도 병인가요?소변보면 시원하게 잘 나옵니다여자에요,안녕하세요. 대한의사협회·네이버 지식iN 상담의사 황인성 입니다.   방광쪽에 이상이 있을 수 있다는 생각이 듭니다. 하지만 말씀하신 증상만으로는 정확한 진단은 어려우므로 가까운 비뇨기과나 산부인과를 방문하셔서 진료를 받아보시기 바랍니다.   제 답변이 도움되셨길 바랍니다.   감사합니다.
6,복통,https://kin.naver.com/qna/detail.nhn?d1id=7&dirId=70404&docId=332789703&qb=67O17Ya1&enc=utf8&section=kin.qna&rank=7&search_sort=0&spq=0,1,정로환의 작용 질문어떤식으로 배탈과 복통을잡아주는지설명부탁드립니다,,안녕하세요. 네이버 지식iN 상담 약사 정일영 입니다.   정로환에는 몇 가지 생약재와 크레오소트 성분이 들어서 장속에서 설사를 일으키는 균을 죽입니다. 그렇게 해서 설사를 멎게 하며 복통을 가라앉힙니다. 그런데 오래 먹으면 몸에 필요한 균도 죽을 수 있어 주의하셔야 합니다.
7,복통,https://kin.naver.com/qna/detail.nhn?d1id=7&dirId=7011403&docId=329830676&qb=67O17Ya1&enc=utf8&section=kin.qna&rank=8&search_sort=0&spq=0,1,미레나 시술후 1년반이 지났는데도 복통이 있습니다 생리기간되면 소량으로 피가 나오기도 하고요 가끔 잘 지내다가도 갑자기 자궁아픈느낌들고 쑤시고 아프고 배 부여잡고이쯤되도 계속 그런거면 빼야 할까요?,,안녕하세요. 하이닥-네이버 지식iN 상담의 박정인 입니다.   미레나삽입후 생리양은 감소하겠지만 완전히 없어지는 경우보다 소량의 생리혈이 보이는 경우가 대부분입니다. 미레나 시술후 1년반지나서까지 복통이 있는 경우는 매우 드문 일입니다.  다른 원인으로 복통있을 것으로 사료됩니다.  미레나시술하신 의료기관이나 주위의 여성의학크리닉 또는 전문병원 상담 진료를 권해드립니다.     감사합니다.
8,복통,https://kin.naver.com/qna/detail.nhn?d1id=7&dirId=70404&docId=316874230&qb=67O17Ya1&enc=utf8&section=kin.qna&rank=9&search_sort=0&spq=0,1,복통약 과다복용 증상좀요,,"안녕하세요. 네이버 지식iN 상담 약사 이진엽 입니다.어떠한 복통약으로 과다 섭취를 하신지는 모르겠지만 심각한 경우 저혈압이나 어지러움 메스꺼움 소화관 내에서의 과다 출혈이 일어날 수 있습니다. 그렇기 때문에 과다 복용을 하시는 것은 좋지 않은 부작용을 불러 일으킬 수 있으므로 주의하시길 바랍니다.   알아두세요!  1.질문자의 정보 참조 용도로 활용 가능하며, 정확한 개인 증상 파악은 의료 기관 내방을 통해 진행하시기 바랍니다. 2.본 답변은 약학적 정보에 기초한 답변으로, 의학적 진단을 대체하거나 질병의 근본적인 치료를 대신하지 못합니다. 3.상담약사의 최종적인 약학적 소견을 나타낸 것이 아니며, 답변을 제공한 개인 및 사업자의 법률적 책임이 없음을 알려드립니다. 4.시의적, 물리적 환경에 따라 변경된 약학적 이견을 가질 수 있으며, 약학적 소견이 상이한 여러 의견을 모두 수렴하지는 않습니다. 위 답변은 답변작성자가 경험과 지식을 바탕으로 작성한 내용입니다. 포인트로 감사할 때 참고해주세요.   2018.12.19."
9,복통,https://kin.naver.com/qna/detail.nhn?d1id=7&dirId=70113&docId=327171644&qb=67O17Ya1&enc=utf8&section=kin.qna&rank=10&search_sort=0&spq=0,1,요도가따끔하고 복통,,안녕하세요. 대한의사협회·네이버 지식iN 상담의사 이지용 입니다.   말씀하신 증상가지고 질환을 예상해보자면 요도염 및 방광염을 의심할 수 있을 것 같습니다.   보다 정확한 진단을 위해서는 가까운 비뇨기과를 방문하셔서 진료 받아보시기 바랍니다.   제 답변이 도움 되셨길 바랍니다.   감사합니다.
10,복통,https://kin.naver.com/qna/detail.nhn?d1id=7&dirId=70103&docId=333236124&qb=67O17Ya1&enc=utf8&section=kin.qna&rank=11&search_sort=0&spq=0,1,머리 충격 후 얼굿 붓기 또는 복통,막대기로 머리쪽을 수차례 가격당했습니다... 머리에 혹이 아기 주먹만하게 생기고 얼굴이 부었습니다. 그리고 복통이 옵니다. 증상이 뭘까요 병원에 가봐야겠죠,외상때문에 발생한것으로 특히 복통이 심하다면 복막염의 발생도 가능하므로 병원을 방문하세요
11,복통,https://kin.naver.com/qna/detail.nhn?d1id=7&dirId=70103&docId=333565043&qb=67O17Ya1&enc=utf8&section=kin.qna&rank=12&search_sort=0&spq=0,1,맹장염 수술 후 복통,"제가 8월 3일에 맹장염 확진 판정을 받고 바로 수술을 받았습니다. 그리고 13일에 실밥을 풀었는데, 실밥 푼 이후로 원래 맹장염 때 아팠던 자리가 계속 아픕니다. 지속적으로 아프지는 않고 2시간 마다 아픈데, 누르면 더 아파서 큰병이 아닌지 걱정이 됩니다. 마지막으로 소변을 볼때도 방광 쪽이 살짝 아립니다.충수돌기를 떼어냈는데도 복통이 생기는 이유를 모르겠습니다. 답변 부탁드립니다.",안녕하세요. 대한의사협회·네이버 지식iN 상담의사 정현화 입니다. 주치의 진찰 받고 면담 하고 치료 계획 세우세요. 간혹 그런 경우가 있어요.
12,복통,https://kin.naver.com/qna/detail.nhn?d1id=7&dirId=7010102&docId=322608863&qb=67O17Ya1&enc=utf8&section=kin.qna&rank=13&search_sort=0&spq=0,1,"위경련후에 계속되는복통토요일에 위경련,위염 증세로 응급실두번갔었구요약도타와서 먹고있는데3일지난 오늘도 계속아픕니다ㅜㅜ원래 이렇게 통증이 오래가나요?",,"안녕하세요. 하이닥-네이버 지식iN 상담의 배재준 입니다.약을 먹어도 지속되는 복통, 위경련 증상의 경우 단순 위염이 아닌 위궤양 및 십이지장 궤양의 증상일 수 있고 다른 담낭 및 췌장부위 염증에 의한 통증일 수 있습니다.증상이 계속 지속된다면 위내시경, 복부초음파 등의 검사가 필요할 수 있으니 가까운 병의원을 방문하여 상담받으시길 권합니다.감사합니다.  알아두세요!  1.질문자의 정보 참조 용도로 활용 가능하며, 정확한 개인 증상 파악은 의료 기관 내방을 통해 진행하시기 바랍니다. 2.상담의사의 최종적인 의학적 소견을 나타낸 것이 아니며, 답변을 제공한 개인 및 사업자의 법률적 책임이 없음을 알려드립니다. 3.시의적, 물리적 환경에 따라 변경된 의학적 이견을 가질 수 있으며, 의학적 소견이 상이한 여러 의견을 모두 수렴하지는 않습니다. 위 답변은 답변작성자가 경험과 지식을 바탕으로 작성한 내용입니다. 포인트로 감사할 때 참고해주세요.   2019.03.05."
13,복통,https://kin.naver.com/qna/detail.nhn?d1id=7&dirId=70122&docId=335222543&qb=67O17Ya1&enc=utf8&section=kin.qna&rank=14&search_sort=0&spq=0,1,넘어진후 복통,오늘 체육시간에 트랩을 하다가 미끄러져서 앞으로 바닥에 넘어졌는데 넘어진 직후 엄청 배꼽과 가슴 중간쪽 배가 땡기고 엄청아픈데 지금도 복통이 있지만 아까보다는 덜아픕니다 넘어진후에 복통이 생긴건 처음이라 이유를 모르겠습니다ㅜ 복통이 생긴이유가뭔가요..?,답변 드리겠습니다
14,복통,https://kin.naver.com/qna/detail.nhn?d1id=7&dirId=70401&docId=333482413&qb=67O17Ya1&enc=utf8&section=kin.qna&rank=15&search_sort=0&spq=0,1,설사 복통의 약복용 질문 합니다,"일주일 넘게 복통과 설사로 고생중입니다.총 세군데의 병원에서 약을 처방받아 스멕타와 함께 복용중인데, 횟수는 줄었지만아직도 복통과 설사가 멈추지 않습니다.그저께 처방받은 약은 포리부틴정, 한미알마게이트정, 티로파정 인데설사가 계속되 정로환을 먹어보려고 합니다. 처방받은 약들과 함께 복용해도 될까요?","안녕하세요. 네이버 지식iN 상담 약사 정일영 입니다.   스멕타는 다른 약들과 함께 드시면 안 되고, 스멕타를 식사 1시간 전에 미 리 드시고, 식사후 30분 뒤에 나머지 약을 드셔야 합니다. 저 약들과 정로환은 같이 드시지 마세요. 약은 최소량으로 효과를 보는 것이 가장 바람직합니다."
15,복통,https://kin.naver.com/qna/detail.nhn?d1id=7&dirId=70101&docId=328929505&qb=67O17Ya1&enc=utf8&section=kin.qna&rank=16&search_sort=0&spq=0,1,복통 및 허리 통증 관련,"안녕하세요 20대 후반 남성입니다.각설하고 통증이 시작된지는 4개월 정도 되었습니다.꾸준히 심해지고 있어 병원을 가보아야겠다는 생각은 하고 있는데 가보기조차 무서워서 고민중입니다...아픈 부위는 배꼽과 왼쪽 옆구리 사이가 전체적으로 통증이 심해지고 있고,엉덩이 바로 위쪽 왼쪽 허리 부분도 마찬가지입니다.그와는 별개로 왼쪽 허벅지 부분도 저릿저릿한게 조금씩 심해지고 있구요.....인터넷을 찾아보니 신장쪽 문제일 확률이 높다고 하는데 큰 병원을 가보아야하는걸까요....혹시 디스크등의 허리 통증일지라도 복통이 따라올 수 있는건가요...?",안녕하세요. 하이닥-네이버 지식iN 상담의 박찬도 입니다.   내부장기의 문제와 척추질환 가능성이 모두 있어보입니다. 일단 내과진료를 먼저 받아보시고 이상이 없다고 하면 척추진료를 받아보셔야 하겠습니다.    허리디스크의 경우 흔하지는 않지만 복통을 동반할 수도 있답니다.    답변이 도움이 되셨길 바랍니다. 감사합니다.
16,복통,https://kin.naver.com/qna/detail.nhn?d1id=7&dirId=7011403&docId=329330357&qb=67O17Ya1&enc=utf8&section=kin.qna&rank=17&search_sort=0&spq=0,1,생리 끝났는데 복통,"주기는 5일이고 화요일에 시작해서 어제 끝났어요 혈도 안나오고 분비물도 안나오는데  생리직전 배가 싸한것처럼 아파요,,,왜그런거죠 변비증상 없고 자극적인걸 먹지도 않았고  평소랑 똑같이 먹고 자고 싸고 했는데 왜아픈거죠ㅠ  ㅠ   대변 마려울때와는 다른 느낌의 복통이에요  원래 배란통이 있어서 아는데 그런 느낌이에요ㅠ  ㅠ","안녕하세요. 하이닥-네이버 지식iN 상담의 최동석 입니다.  생리가 끝났음에도 복통이 계속되어 걱정이 많으시군요. 답변 드리겠습니다.     복통의 원인은 내외과적 원인을 포함하여 다양한 이유가 존재합니다. 또한 스트레스나 신경성 등을 원인으로 일시적으로 발생하기도 합니다.  하지만 내외과적 원인이 아님에도 계속해서 하복부의 압박감이 진행되신다면, 자궁·난소의 건강 상태를 체크해 보시는 것을 추천 드리고 싶습니다. 여성 질환의 대표적인 증상이 바로 하복부의 통증이기 때문입니다.     자궁근종, 난소낭종, 자궁폴립이 대표적인 여성 질환은, 대개 양성을 띠고 있어 병변이 발생된다 하더라도 당장 생명에 지장을 받는 경우는 드뭅니다. 그러나 방치 시 질환의 심화로 증상이 발생할 수 있으며, 난임과 불임의 원인이 될 수 있기에 조기 진단·적기 치료를 진행하는 추세입니다.  여성 질환의 대표적인 증상은 통증 증상(생리통, 복통, 요통, 성교통, 골반통 등), 생리 관련 증상(하혈, 빈발 월경, 부정 출혈, 과다 월경, 무월경 등), 하복부의 압박감과 배뇨/배변의 불편감 등이 있습니다.     여성질환은 정확한 검진을 통한 전문의의 진단이 필요합니다. 증상이 계속된다면 완화를 기다리시기보다 우선 자궁·난소 보존치료 전문 산부인과에 내원하시어 원인 파악을 선행하시길 추천드리고 싶습니다.     제 답변이 도움이 되셨기를 바라며, 쾌유를 기원합니다.   감사합니다."
17,복통,https://kin.naver.com/qna/detail.nhn?d1id=7&dirId=70404&docId=323022477&qb=67O17Ya1&enc=utf8&section=kin.qna&rank=18&search_sort=0&spq=0,1,감기약 복통,오한 발열 목따가움 으로 병원갔는데 독감 검사받고 b형독감이라고 하더라고요 옛날에 감기약을 빈속에먹었다가 복통이 오고나서식 후 감기약만 면으면 복통이 엄청 심합니다 병원이나 약국에서는 위장약을 줬는데 그거랑 같이 먹어도 복통이 엄청심했었습니다현재 앓고있는 질병은 역류성식도염이랑 과민성대장염 있습니다.독감으로 약을 처방받았는데 복통을 일으킬만한 약이있는지 확인 부탁드립니다 한미플루캡술75mg트라몰서방정 650mg록세핀정 모사로정움카민정코데날정리베원정10mg,"안녕하세요. 네이버 지식iN 상담 약사 정은주 입니다.복통을 일으킬 만한 약도 포함되어 있고,위장장애를 줄일 목적의 약도 포함되어 있습니다.같은 약도 사람마다 반응이 다를 수 있기 때문에 일단 한 번 복용해보시고 나타나는 증상에 따라추후 복용 계획을 조절하시기를 권합니다. 문의에 도움이 되었기를 바랍니다.   알아두세요!  1.질문자의 정보 참조 용도로 활용 가능하며, 정확한 개인 증상 파악은 의료 기관 내방을 통해 진행하시기 바랍니다. 2.본 답변은 약학적 정보에 기초한 답변으로, 의학적 진단을 대체하거나 질병의 근본적인 치료를 대신하지 못합니다. 3.상담약사의 최종적인 약학적 소견을 나타낸 것이 아니며, 답변을 제공한 개인 및 사업자의 법률적 책임이 없음을 알려드립니다. 4.시의적, 물리적 환경에 따라 변경된 약학적 이견을 가질 수 있으며, 약학적 소견이 상이한 여러 의견을 모두 수렴하지는 않습니다. 위 답변은 답변작성자가 경험과 지식을 바탕으로 작성한 내용입니다. 포인트로 감사할 때 참고해주세요.   2019.03.13."
18,복통,https://kin.naver.com/qna/detail.nhn?d1id=7&dirId=70104&docId=332768773&qb=67O17Ya1&enc=utf8&section=kin.qna&rank=19&search_sort=0&spq=0,1,"과식, 체한 후 복통 질문",과식을 하거나 음식을 빨리 먹어서 체했을 때 복통을 느끼고 설사를 하는 경우가 있잖아요?근데 제가 알기로는 음식을 먹고 소화를 시켜서 대변으로 배출하기까지  9시간 이상 걸리는 것으로 알고 있는데 복통을 느끼는 경우에는 우리 몸이 긴급상황을 파악하고 설사를 통해서 빨리 배출하는 건가요?9시간 이상 걸리는 일이 어떻게 단시간만에 발생하는지 궁금하네요,"안녕하세요. 대한의사협회·네이버 지식iN 상담의사 이무혁 입니다.   - 과식으로 설사는 아니고..   - 상한 음식물로 인해서           배탈 ( 보통 세균성 식중독)이 나는 것은          독소로 인한 위장자극으로 위장이 방어기능으로 빨리 몰아내는 설사로 이어집니다.   - 상한 음식물섭취하면        세균이 증식하는  3시간 정도 후에 복통 발생..+ 설사로 이어짐,"
19,복통,https://kin.naver.com/qna/detail.nhn?d1id=7&dirId=7010102&docId=314534492&qb=67O17Ya1&enc=utf8&section=kin.qna&rank=20&search_sort=0&spq=0,1,장천공 수술 후 식욕감퇴 및 심한 복통 호소,"올해 10월에 아버님이 장천공 수술을 하시고 2주 정도 입원 후 퇴원 하셨다가 다시 장루가 나오지 않고 복통이 심해지는 장 유착 증상으로 재입원하셔서 일주일 정도 입원 후 퇴원하셨습니다. 퇴원 후 10일 정도 지나고 부터 복통이 심해져서 정기검진 기간에 병원 수술의에게 진료를 받고 복통이 심하다고 얘기 했는데 가스가 차서 그렇다고 별 다른 조치를 해주지 않았습니다. 병원 진료 후에도 복통이 심하신데 무슨 원인인지, 어떻게 조치를 해야하는지 궁급합니다.","안녕하세요. 하이닥-네이버 지식iN 상담의 심원섭 입니다. 수술하신지 얼마되지 않아 장기능이 떨어지면 원인 없이도 가스가 장에 잘 차고 소화도 안되며 복통 증상이 잘 생길 수 있습니다. 수술 후유증이기보다 회복의 과정이라고 생각하시면 됩니다. 정확히 무슨 수술을 받으셨는지는 모르나 복부수술을 받게 되면 장이 원래자리가 아닌 자리에 있게 되고 회복되려면 장이 원래 있던 자리로 가야 해서 이 과정에서 질문자님이 문의하신 증상들이 잘 생깁니다. 약물치료를 현재도 하시는지 모르겠으나 약물치료와 병행해서 저잔사식이라는 것이 도움이 됩니다. 아래는 저잔사직에 대한 설명이니 참고하시기 바랍니다. 저잔사식  ☆ 용도 및 목적궤양성 대장염, 크론병과 같은 염증성 장질환 및 부분적 장폐색 환자들의 급성 악화기, 장수술 전후에 적용된다.대변의 양과 빈도를 줄여 장에 대한 자극을 감소시키기 위하여 섬유소 함량이 중정도 혹은 그 이상인 식품과 섬유소의 함량은 적지만 대변의 용적을 늘리는 식품은 제한하는 식사이다.  ☆ 식사 원칙- 부드러운 음식으로 하루 4~6회 나누어 식사합니다.- 만약 하루섭취량이 필요량보다 부족한 경우에는 영양보충음료를 간식으로 드셔도 좋습니다.- 충분한 단백질 섭취를 위해 부드러운 살코기나 생선, 두부, 계란 등을 매끼 섭취합니다.- 채소반찬은 질기지 않은 채소로 선택하고 무르게 조리하여 섭취합니다.- 과일은 잘 익고 부드러운 것으로 하루 1-2회 정도 섭취합니다.- 기름은 식물성 기름으로 적당량 사용합니다.- 카페인과 탄산음료는 피합니다.- 자극성이 강한 향신료나 조미료는 피합니다.- 보리, 현미, 콩 등의 잡곡 대신 쌀밥을 섭취합니다.- 생과일 대신 과일통조림이나 과일쥬스를 마십니다.- 식욕이 저하된 경우에는 소량씩 자주 섭취합니다.- 수분을 충분히 섭취합니다.- 호두, 잣, 땅콩 등의 견과류와 참깨, 들개 등의 종실류 섭취를 제한합니다.- 유당불내증이 있는 경우 우유를 제한하고 그렇지 않은 경우 우유 및 유제품은 하루 2컵 이하로 제한합니다.- 섬유소 함량은 1일 8-10g 이하로 합니다.  ☆ 유의사항- 설사, 복통, 혈변의 증상이 가라앉고 차츰 회복기에 접어들 때에는 저잔사식에서 점차 정상식으로 옮겨가면서 통증이나 불편을 주는 식품만 선별적으로 제한하도록 한다.- 저 잔사식을 장기간 계속할 경우 정상적인 장운동을 위축시키고 변비를 초래하며 증상을 악화시킬 수 있다.- 비타민 C, 엽산 및 무기질 등이 결핍될 수 있으므로 보충이 필요할 수 있다.         ☆ 권장식품과 주의식품         권장식품 주의식품 곡류 쌀밥, 찹쌀밥, 흰식빵, 국수, 으깬 감자 보리, 현미, 율무, 팥 등 잡곡류, 콩류, 고구마, 옥수수, 통밀빵, 포테토칩, 팝콘, 미숫가루 어,육류 연한쇠고기, 돼지고기, 계란, 두부, 닭고기(껍질제외), 생선(껍질제외) 질긴 육류, 햄류, 조개류, 콩류, 비지 채소류 잘 익힌 시금치, 애호박, 당근, 배추, 무, 양파, 가지, 숙주, 양송이, 가지(껍질제외), 양상치, 야채쥬스 모든 생채소(양상치 제외), 허용식품 이외의 채소(도라지, 근대, 더덕, 연근, 고사리, 콩나물, 우엉 등), 건조된 채소(무말랭이, 건호박 등), 김치류, 부추 등 과일류 잘익은 바나나, 과일통조림(복숭아, 포도 등), 과일쥬스, [사과, 복숭아, 귤, 자몽, 포도(씨 제외), 메론(씨 제외), 참외(씨 제외)] 모든 생과일(바나나 제외), 건조된 과일(대추, 곶감, 건포도 등), [감, 배, 오렌지, 키위, 토마토, 딸기, 파인애플, 설익은 과일 유제품 우유, 요플레(딸기제외), 푸딩, 아이스크림(과일, 땅콩제외), 두유 과일, 견과류가 함유된 유제품 지방류 식용유, 참기름, 들기름, 버터, 마가린, 마요네즈 샐러드 드레싱, 깨, 땅콩버터, 견과류(땅콩, 호두, 잣, 아몬드, 해바라기씨 등) 해조류 김(1장) 미역, 다시마, 파래 조미료 소금, 간장, 식초, 설탕, 꿀, 물엿 과량의 된장, 고추장, 고춧가루, 겨자 등 기타 그*비아, 뉴*어, 엔*어 등 김밥, 생선회, 민간요법 등   기본적으로 소화잘되는 음식, 그리고 대변의 양이 적은 음식입니다. 증상개선에 도움이 되실 수 있으니 한번 시도하시고 병행해서 약물치료도 더 해보시기 바랍니다. 항상 건강하십시오.감사합니다.            심원섭      외과 전문의      건강한미래항외과의원 031-414-8275   학력/자격 : 건국대학교 의학전문대학원 외래 초빙 교수 전공 : 대장항문외과      예약     홈페이지     위치       알아두세요!  1.질문자의 정보 참조 용도로 활용 가능하며, 정확한 개인 증상 파악은 의료 기관 내방을 통해 진행하시기 바랍니다. 2.상담의사의 최종적인 의학적 소견을 나타낸 것이 아니며, 답변을 제공한 개인 및 사업자의 법률적 책임이 없음을 알려드립니다. 3.시의적, 물리적 환경에 따라 변경된 의학적 이견을 가질 수 있으며, 의학적 소견이 상이한 여러 의견을 모두 수렴하지는 않습니다. 위 답변은 답변작성자가 경험과 지식을 바탕으로 작성한 내용입니다. 포인트로 감사할 때 참고해주세요.   2018.11.16."
20,복통,https://kin.naver.com/qna/detail.nhn?d1id=7&dirId=70119&docId=334957064&qb=67O17Ya1&enc=utf8&section=kin.qna&rank=21&search_sort=0&spq=0,1,복통 동반한 허리통증인데요ㅠ,요즘 성관계를 좀 많이 갖기도 했고 원래 허리가 안 좋기도 했는데 요즘 갑자기 요 몇 일 많이 한 날 이후로 허리도 엄청 아프고 복통이 있는데 대변이 마려울듯 하다가 안 마렵고 계속 아프고 화장실을 와도 볼 일은 못 보구요ㅜㅜ허리도 너무 아프고 왜 그런건가요ㅠㅠ,안녕하세요. 하이닥-네이버 지식iN 상담의 엄지혜 입니다.
21,복통,https://kin.naver.com/qna/detail.nhn?d1id=7&dirId=70404&docId=313886746&qb=67O17Ya1&enc=utf8&section=kin.qna&rank=22&search_sort=0&spq=0,1,"비타민 먹은 후 위통/복통 질문드립니다아로X민 골드를 먹고있는데, 위염이 매년 두어번은 생기는 편이어서 공복에는 안 먹고 꼭 식후에 먹습니다.그런데도 세번에 한번 정도는 섭취하고 좀 있다가 위통이나 불편감이 옵니다. 최근에는 위염 없었고, 자극적인 음식 먹지도 않았고, 스트레스가 많지 않아서 왜인지 생각해보면 평소랑 다른건 비타민 밖에 없습니다위장장애가 올 수 있는지 여부도 비타민마다 다른가요? 다른 비타민으로 바꾸면 개선이 될지, 아예 안 먹는게 나을지 조언 부탁드립니다. 감사합니다.",,"안녕하세요. 네이버 지식iN 상담 약사 이진엽 입니다.비타민이라고 해서 다 같은 증상이 생기는 것은 아닙니다.그렇기 때문에 본인이 복용중인 비타민에 대해서 의심을 해보셔야 할 거 같은데요일단 복용후 생기는 위통,복통이기 때문에 비타민 복용을 중단하시고전문의에게 진료를 받아 어떠한 원인으로 생기는 통증인지 확인을 하시는게 좋을 것 같습니다.만약 비타민이 문제라면 더이상 복용을 하시면 안됩니다.무작정 다른 제품으로 바꾸기 보다는 검사를 먼저 받아보시는 것을 권장 해드립니다.  알아두세요!  1.질문자의 정보 참조 용도로 활용 가능하며, 정확한 개인 증상 파악은 의료 기관 내방을 통해 진행하시기 바랍니다. 2.본 답변은 약학적 정보에 기초한 답변으로, 의학적 진단을 대체하거나 질병의 근본적인 치료를 대신하지 못합니다. 3.상담약사의 최종적인 약학적 소견을 나타낸 것이 아니며, 답변을 제공한 개인 및 사업자의 법률적 책임이 없음을 알려드립니다. 4.시의적, 물리적 환경에 따라 변경된 약학적 이견을 가질 수 있으며, 약학적 소견이 상이한 여러 의견을 모두 수렴하지는 않습니다. 위 답변은 답변작성자가 경험과 지식을 바탕으로 작성한 내용입니다. 포인트로 감사할 때 참고해주세요.   2018.11.07."
22,복통,https://kin.naver.com/qna/detail.nhn?d1id=7&dirId=70115&docId=320532127&qb=67O17Ya1&enc=utf8&section=kin.qna&rank=23&search_sort=0&spq=0,1,오른쪽 간 바로 아래 복통이 너무 심해요 .. 걸을 때도 아프고 다리 아빠다리 할려면 다리 들어야되는데 심지어 그마저도 아픕니다.왜 그럴까요 ...,,"안녕하세요. 대한의사협회·네이버 지식iN 상담의사 최연철 입니다.갑작스러운 복통으로 많이 힘드실듯 합니다.말씀하신 위치의 통증은 간, 담도, 대장, 주위의 근골격의 이상 등다양한 원인에 의해 통증이 유발될 수 있습니다.지금과 같이 심한 증상이 지속된다면 의료진의 진료를 통해정확한 진단과 치료를 받으시는 것이 좋을 것으로 생각됩니다.질문자님의 쾌유를 빕니다. 감사합니다.  알아두세요!  1.질문자의 정보 참조 용도로 활용 가능하며, 정확한 개인 증상 파악은 의료 기관 내방을 통해 진행하시기 바랍니다. 2.상담의사의 최종적인 의학적 소견을 나타낸 것이 아니며, 답변을 제공한 개인 및 사업자의 법률적 책임이 없음을 알려드립니다. 3.시의적, 물리적 환경에 따라 변경된 의학적 이견을 가질 수 있으며, 의학적 소견이 상이한 여러 의견을 모두 수렴하지는 않습니다. 위 답변은 답변작성자가 경험과 지식을 바탕으로 작성한 내용입니다. 포인트로 감사할 때 참고해주세요.   2019.02.07."
23,복통,https://kin.naver.com/qna/detail.nhn?d1id=7&dirId=70114&docId=329817150&qb=67O17Ya1&enc=utf8&section=kin.qna&rank=24&search_sort=0&spq=0,1,대략 한 4~5일 전부터 경미한 복통이 있는데요거의 하복부인데 뭔가 자궁통증같은 느낌이 들어요.그때부터 소화가 잘 안된다고 해야하나 제가 통증이 있을때 식사량도 줄고 그러거든요. 근데 이 통증이 나타나는것도 규칙적인게 아니라 갑자기 나타나는 통증이라 조금 힘드네요.생리통 마냥 엄청 아픈것도 아니고 기분나쁘게 살살 아파서 식은땀두 나고 그러는데 생리는 6월 초쯤에 시작해서 이미 끝난 상태라 배란통이 아닐까 의심되어 찾아봤는데 배란통은 2-3일동안 지속될 수 있다고 해서 걱정이 되는데 제가 원래 배란통도 없었고 복막염이나 다른 질병이 아닐까 걱정되는데 병원에 가봐야하나요?만약 간다면 내과로 가야하는지 산부인과로 가야하는지 알려주세요.. 감사합니다,,안녕하세요. 하이닥-네이버 지식iN 상담의 박정인 입니다.   하복부 불쾌감이나 경미한 하복부통증일수 있겠습니다.  하복부통증은 기능성 이상 또는 기질성 이상으로 초래될 수 있습니다.  여성분이시라면 반드시 여성의학크리닉 진료를 받으시길 권해드립니다.  여성의학적으로 이상이 없고 여성의학적 치료를 받으실 필요가 없다는 소견이 우선입니다.  그런 이후에 약이나 처치가 필요한 내과적질환인지 수술이 필요한 외과적질환인지 각  전문과별 치료가 필요합니다.    감사합니다.
24,복통,https://kin.naver.com/qna/detail.nhn?d1id=7&dirId=7011403&docId=336278675&qb=67O17Ya1&enc=utf8&section=kin.qna&rank=25&search_sort=0&spq=0,1,경구피임약 복용 후 복통,경구피임약 두번째 팩의 8일차 경구피임약 복용 중 입니다. 그런데 어제부터 아랫배가 생리 할 거 처럼 아픈데 이것도 부작용인가요?질내사정은 첫번째 팩 18일차에 했습니다.,"안녕하세요. 대한산부인과의사회-네이버 지식iN 상담의사 변재광 입니다.   피임약이 복통을 일으키는건 아닙니다. 다른 원인이 있는지 병원 방문해서 확인 바랍니다.   아래는 피임약 복용에 관한 내용입니다. 대부분의 여성들은 마이보라나 멜리안 등과 같은 일반피임약을 처음 복용하기 시작하면서 별다른 증상을 느끼지 않지만, 일부 여성들은 미미하지만 몇 가지 원치 않는 부작용을 경험하기도 합니다.  이러한 증상에는 주기 중간 출혈, 구토증, 유방 긴장감, 두통 등이 있으나, 이는 우리 몸이 호르몬에 적응해가는 단계에서 나타나는 자연스러운 증상으로, 시간이 지남에 따라 점차 사라지게 되므로 안심하시고 꾸준히 복용하는 것이 중요합니다.   그러나 만약 일상생활이 힘들 정도로 심한 불편을 느낀다면 전문의와 상의하신 후 복용을 중단하거나 에스트로겐 함량이 높은 피임약으로 바꾸어 복용하는 것이 좋습니다."
25,복통,https://kin.naver.com/qna/detail.nhn?d1id=7&dirId=70401&docId=334359535&qb=67O17Ya1&enc=utf8&section=kin.qna&rank=26&search_sort=0&spq=0,1,"복통과 설사로 핀베린정, 티로랙스캡슐 한알씩 공복에 먹으려는데 식후여야 할까요?",,안녕하세요. 네이버 지식iN 상담 약사 정일영 입니다.   식전과 식후에 크게 얽메이지 않고 드셔도 괜찮습니다.
26,복통,https://kin.naver.com/qna/detail.nhn?d1id=7&dirId=7010102&docId=334620504&qb=67O17Ya1&enc=utf8&section=kin.qna&rank=27&search_sort=0&spq=0,1,복통은 없는데 설사 가능한가요?,제가 위장이 안좋은데 한달전에 역류성식도염이었다가 저번주부터 배가 조금씩 아프더니 물설사를 해요...7번정도....의사샘은 위궤양먹으면 이런일은 없다고 하시는데 그렇다고 맵고짠더 밀가루 다 귾었는데...병원 두번갔는데 내시경 받을필요는 없다고 해서요...진짜 걱정이에요 고삼인데 대학도 못갈거 같구...근데 이제는 복통은 없고 설사만 계속하는데 이게 가능한가요?,"안녕하세요. 하이닥-네이버 지식iN 상담의 김무웅 입니다.   복통은 없더라도 설사를 하는 경우가 있습니다. 과민성장증후군도 생각을 해보고, 삼투성 설사 가능성도 있습니다   혹은 다른 먹고 있는 음식 및 약물 유발성 설사 가능성도 생각해봐야합니다   진료 받은 병원에서 더 상담 해보는게 좋겠습니다   감사합니다."
27,복통,https://kin.naver.com/qna/detail.nhn?d1id=7&dirId=7010102&docId=336459961&qb=67O17Ya1&enc=utf8&section=kin.qna&rank=28&search_sort=0&spq=0,1,프로틴 복통,요즘 프로틴만 먹으면 복통에 너무 힘듭니다.전에 프로틴 먹을때는 이상이 없었는데 골드 스탠다드 웨이로 바꾼뒤 조금만 먹어도 트름 방귀등 가스차고 명치쪽이 너무 아픕니다프로틴 양을 줄여볼까 생각도해봤는데 한모금만 먹어도 이러니... 몸에 안맞는걸까요?왜그롤까요?,안녕하세요. 하이닥-네이버 지식iN 상담의 이상욱 입니다.
28,복통,https://kin.naver.com/qna/detail.nhn?d1id=7&dirId=70104&docId=322074762&qb=67O17Ya1&enc=utf8&section=kin.qna&rank=29&search_sort=0&spq=0,1,아까 12시쯤에 복통 때문에 화장실을 한 번 갔는데 아무 이상없었어요. 그러고나서 세시쯤에 배가 아파서 화장실에 갔는데 생리할때처럼 피 덩어리가 나왔습니다;; 평소에 피가나거나 변비는 없었구요. 평소에 과민성 대장 증후군이 있는데 관련된건가요?,,"안녕하세요. 대한의사협회·네이버 지식iN 상담의사 성천기 입니다.과민성 대장증후와 출혈은 무관합니다.선홍색 출혈이고 출혈의 양이 많은 것은 항문 출혈 입니다.항문 출혈의 99%는 치질에 위한 것이며, 통증이 없는게 특징입니다.일부 통증을 동반한 출혈은 항문이 찢어진 치열의 출혈입니다.변이 딱딱하면 생기는 일입니다.복통이 동반된 출혈이라면, 장염의 출혈도 생각해봐야 합니다.항문외과를 찾아서 항문 검사를 하시고 여기서 문제점이 없으면대장 내시경 검사가 필요 합니다.결과에 따라서 치료를 상담하세요.장염이면 약물 치료후 기다리면 좋아지고요.치질도 심하지 않으면, 조기 약물 치료가 우선 입니다            성천기      대장, 항문 외과 전문의      항사랑병원 052-269-0975   학력/자격 : 인제대학교 의학박사 전공 : 대장항문외과      예약     홈페이지     위치       알아두세요!  1.질문자의 정보 참조 용도로 활용 가능하며, 정확한 개인 증상 파악은 의료 기관 내방을 통해 진행하시기 바랍니다. 2.상담의사의 최종적인 의학적 소견을 나타낸 것이 아니며, 답변을 제공한 개인 및 사업자의 법률적 책임이 없음을 알려드립니다. 3.시의적, 물리적 환경에 따라 변경된 의학적 이견을 가질 수 있으며, 의학적 소견이 상이한 여러 의견을 모두 수렴하지는 않습니다. 위 답변은 답변작성자가 경험과 지식을 바탕으로 작성한 내용입니다. 포인트로 감사할 때 참고해주세요.   2019.02.26."
29,복통,https://kin.naver.com/qna/detail.nhn?d1id=7&dirId=70401&docId=331192818&qb=67O17Ya1&enc=utf8&section=kin.qna&rank=30&search_sort=0&spq=0,1,복통 약 복용,제가 어제술을마시고 오늘 아침에 해장으로 매운걸 좀 먹었는데요 제가 평소에 과민성대장이 있는데 까먹고 있었다가 지금 복통과 설사가 있어서 집에있는 약으로 제사제먹고 카이로(아세트아미노펜500mg+부틸스코폴라민브롬화물10mg) 을 먹었습니다 그래고 아직복통이 남아서 메부라틴(트리메부틴말레산염150mg)을 추가 복용할려고하는데 괜찮을까요? 주말 저녁이라 병원도 약국도없어서 힘드네요 ㅠㅠ도와주세요 많이아픕니다,"안녕하세요. 네이버 지식iN 상담 약사 정일영 입니다.   어떤 지사제를 드셨는지 모르겠으나, 메부라틴정은 드셔도 괜찮을 것으로 보입니다."
30,복통,https://kin.naver.com/qna/detail.nhn?d1id=7&dirId=70115&docId=335104597&qb=67O17Ya1&enc=utf8&section=kin.qna&rank=31&search_sort=0&spq=0,1,"아이 구토, 복통.. 원인이 뭘까요ㅠ",5살 아들이 어제 아침에 일어나자마자 기침을 심하게 하더니 노란?초록? 위액을 토해냈어요깜짝 놀랐는데 기침을 심하게 하다보면 토까지 할 수 있다고하고 저도 당장 일은 가야해서 일단 등원 시켰더니 어린이집에서 오전죽을 먹다가 토했다고 하더라구요ㅠㅠ그러면서 점심때 아이가 선생님께 배가 아프다고 얘기했대요.. 오늘 일 끝나고 병원가서 이것저것 검사해보려하는데 당장 오늘 아이가 어린이집에 가서 뭘 조심해야할까요? 원인이 뭘까요.. ㅠ,"안녕하세요. 대한의사협회·네이버 지식iN 상담의사 최연철 입니다.   아이들의 복통과 구토의 가장 흔한 원인은 위염/장염입니다. 바이러스 감염에 의한 일시적인 증상인 경우가 많지만, 수분 섭취가 많이 줄어들어 탈수의 위험이 있거나 증상이 지속/악화되는 경우에는 검사가 필요할수 있습니다.   아기의 쾌유를 빕니다.  도움이 되었길 바랍니다. 감사합니다."
31,복통,https://kin.naver.com/qna/detail.nhn?d1id=7&dirId=70104&docId=310859413&qb=67O17Ya1&enc=utf8&section=kin.qna&rank=32&search_sort=0&spq=0,1,엄청난 복통과 묽은 물똥배가 진짜 죽을듯이 심하게 아파서 눕지도 움직이지도 못하겠고 엄청난복통 속에 3분마댜 묽은물똥이 코딱지만큼 계속나와요 ..치료법과 이증상은 무엇?,,"안녕하세요. 대한의사협회·네이버 지식iN 상담의사 이무혁 입니다.   원인은 그 전에 섭취한 먹고 마신 잘 못된 음식물에서 초래됩니다.       우리말로 '배탈'이라고하고 식중독도 그 중에 하나입니다. 복통 특징이 위장의 오염된 내용물을 몰아내기위한 강한 연동운동이므로      파도치듯이 주기적으로 아프고 설사합니다. - 치료는 ?    약이 아니고 낫을 때까지 굶는 것이 제일 빨리 낫는 방법입니다.       (오염된 위장 내용물이 완전 배출시 까지)       (먹는 약 별로 효과없고 더 심해지기도 함)    1-2일 금식동안에 허기지면 수분보층 위해서 링겔 대용으로       보리차 + 설탕 약간 + 소금 미량 = 3가지 끓인 보리차는 조금씩 허용합니다.      아울러 배를 따뜻하게 핫팩 해줍니다.  알아두세요!  1.질문자의 정보 참조 용도로 활용 가능하며, 정확한 개인 증상 파악은 의료 기관 내방을 통해 진행하시기 바랍니다. 2.상담의사의 최종적인 의학적 소견을 나타낸 것이 아니며, 답변을 제공한 개인 및 사업자의 법률적 책임이 없음을 알려드립니다. 3.시의적, 물리적 환경에 따라 변경된 의학적 이견을 가질 수 있으며, 의학적 소견이 상이한 여러 의견을 모두 수렴하지는 않습니다. 위 답변은 답변작성자가 경험과 지식을 바탕으로 작성한 내용입니다. 포인트로 감사할 때 참고해주세요.   2018.09.28."
32,복통,https://kin.naver.com/qna/detail.nhn?d1id=7&dirId=7010102&docId=333412437&qb=67O17Ya1&enc=utf8&section=kin.qna&rank=33&search_sort=0&spq=0,1,소염제 복통,원래 위장이 과민성대장증후군도 있고 약한편인데무릎 힘줄이 운동으로 늘어나서(햄스트링?이라고하더라구요)소염제ㅠ진통제랑 위장약을 같이 처방받았거든요근데 이 약먹고나서 복통이랑 설사를 하는데이 약때문인건가요 ㅜㅜ,안녕하세요. 하이닥-네이버 지식iN 상담의 김무웅 입니다.   어떤 약을 정확히 처방한지 알 수가 없지만 소염제 등을 복용하면서 상복부 통증/배꼽 부분의 통증 등을 유발할 수 있습니다만 설사를 쉽게 유발하지는 않습니다.   일단 설사가 지속된다면 처방된 약물을 다시 확인해보아야하며 설사를 유발할 수 있는 약물이 있다면 중단하고 그렇지 않다면 다른 원인(감염/음식) 등을 생각해보아야겠습니다   감사합니다.
33,복통,https://kin.naver.com/qna/detail.nhn?d1id=7&dirId=7010102&docId=317977976&qb=67O17Ya1&enc=utf8&section=kin.qna&rank=34&search_sort=0&spq=0,1,복통이 너무 심해요...가만히 있으면 5분에서 10분간격으로 복통이 찾아오는데 너무 아파서 밤에는 잠도 잘 못자겠어요..설사도 하구요...이틀정도 됐는데 이틀내내 죽만먹어도 나아지는게 없네요.병원에서는 비장염이라는데 약먹어도 아무 효과도 없고 이거 비장염 맞는건가요?,,"안녕하세요. 하이닥-네이버 지식iN 상담의 이방훈 입니다.비장염이라는 질환은 상당히 생소하게 들립니다. 비장이란 곳이 면역과 관련된 일을 하는 기관이라 염증이란게 잘 생기지 않는 곳이고 면역과 관련된 장기이다보니 염증반응이 있을 경우 열도 동반하게 되고 혈액학적인 이상소견도 심하게 나타날 것으로 생각됩니다.임상적인 증상만을 가지고 비장염이라고 애기하는 것은 너무 뜬금없는 애기 같구요.병원에서 잘못 애기했거나 본인이 잘못 알아들었거나 둘중 하나일 것으로 생각됩니다.작은 병원에서 애기한 것이라면 일단 좀더 큰병원으로 가보는 것이 좋을 것 같고복통이 있을 때는 우선은 금식을 해야 합니다.장내 염증이 있으면 음식을 제대로 흡수하질 못하기 때문에 금식이 필요합니다.다른 병원, 내과 전문의를 찾아가셔서 다시 진료를 받아보시는게 좋을 것 같습니다.감사합니다.  알아두세요!  1.질문자의 정보 참조 용도로 활용 가능하며, 정확한 개인 증상 파악은 의료 기관 내방을 통해 진행하시기 바랍니다. 2.상담의사의 최종적인 의학적 소견을 나타낸 것이 아니며, 답변을 제공한 개인 및 사업자의 법률적 책임이 없음을 알려드립니다. 3.시의적, 물리적 환경에 따라 변경된 의학적 이견을 가질 수 있으며, 의학적 소견이 상이한 여러 의견을 모두 수렴하지는 않습니다. 위 답변은 답변작성자가 경험과 지식을 바탕으로 작성한 내용입니다. 포인트로 감사할 때 참고해주세요.   2019.01.03."
34,복통,https://kin.naver.com/qna/detail.nhn?d1id=7&dirId=70401&docId=332994902&qb=67O17Ya1&enc=utf8&section=kin.qna&rank=35&search_sort=0&spq=0,1,점심에 약을 처음먹고 그이후로 복통및설사가나오는데무슨약을 빼고 먹어야할까요,,안녕하세요. 네이버 지식iN 상담 약사 정일영 입니다.   항생제인 오메클정375mg 때문에 설사하는 수가 있습니다.
35,복통,https://kin.naver.com/qna/detail.nhn?d1id=7&dirId=70104&docId=333152184&qb=67O17Ya1&enc=utf8&section=kin.qna&rank=36&search_sort=0&spq=0,1,"피 변 , 복통",안녕하세요고등학생 여자 입니다.제가 거의 한 달 정도 변을 보고 휴지 닦아낼때 피가 묻어나오고 있습니다..그냥 평소에 변비가 있는 터여서 그냥 변비 때문에 그런거라고 생각했는데 딱딱하게 나오는 느낌도 없는데 계속 변만 보면 피가 휴지에 묻어나옵니다..ㅠㅠ그리고 음식을 먹고 난 후에 어제부터 갑자기 복통이 오구요..이게 치질인지 아님 장에 문제가 있는건지 모르겠습니다..ㅠㅠㅠ어디 병원을 가야할까요..???,"안녕하세요. 대한의사협회·네이버 지식iN 상담의사 성천기 입니다.   선홍색 출혈이고 출혈의 양이 많은 것은 항문 출혈 입니다. 항문 출혈의 99%는 치질에 위한 것이며, 통증이 없는게 특징입니다. 일부 통증을 동반한 출혈은 항문이 찢어진 치열의 출혈입니다. 변이 딱딱하면 생기는 일입니다.   님의 경우는 항문 근처에서 나온 피가 맞습니다.  아마도 치열의 증상으로 판단되고요, 위 장관 출혈은 검은색으로 출혈을 보입니다.   2-3주간 변을 무르게 편하게 보는 방법을 찾아서 실천하시고, 하루 두번 온수 좌욕을 3분씩 해주세요. 변이 묽어지면 효과가 있습니다. 항문 병원을 찾아서 조기이면 약물치료, 심한 경우는 수술을 받아야 합니다.   참고가 되었으면 합니다"
36,복통,https://kin.naver.com/qna/detail.nhn?d1id=7&dirId=70103&docId=330588886&qb=67O17Ya1&enc=utf8&section=kin.qna&rank=37&search_sort=0&spq=0,1,두통이 있고 복통도 있는데 열은 나지 않는경우 어떤 질병을 의심할수 있나요?,,안녕하세요. 대한의사협회·네이버 지식iN 상담의사 정현화 입니다. 위염 가능성 있어요. 내과 진료 보시고 치료 하세요.
37,복통,https://kin.naver.com/qna/detail.nhn?d1id=7&dirId=70104&docId=321362823&qb=67O17Ya1&enc=utf8&section=kin.qna&rank=38&search_sort=0&spq=0,1,설사및 복통,장 이 아픈지 3주정도 됬는데요평소에도 장 트러블이많았는데 제일오래간 거같아요 지금이ㅠ복부팽만 복통 밥먹고난후 배아픔 변볼때배아픔 계속지속되서 변비는 아니예요 하루 1~2회정도 변을 봅니다 변보고나면 좀 살거같아요 유삼균도먹고 일반 밥 한식위주로 먹는데 왜 이러는지모르겠어요ㅠㅠ너무 심해서 위대장내시경 했는데 이상은 없었구요 대장내시경 한 후부터 방구만껴도 팬티에지릴정도로 설사를 합니다 1~2틀됬어요 밥먹어도 배아프고 흰죽먹으면 밥보다는 조금 들아픈거같아요 전에상태랑 똑같아졌는데 병원에서 약지어온거 3주내내먹었는데도 효과없습니다 이상도없는데 왜자꾸이럴까요 정말.....잔변감이 너무심해요ㅠ,"안녕하세요. 대한의사협회·네이버 지식iN 상담의사 이무혁 입니다.- 위장증세( 복통, 가스, 설사)는       원칙만 지키면 절대 낫습니다.   보통 그 원칙을 안지키므로 오래가고 더 심해지기도 함.- 유산균도 피해야함.       단백질류는 (아플 때) 절대 피해야합니다.    단백질 = 고기류, 우유, 야쿠르트류..모두 피해야 함.- 그리고- 치료는 ?    약이 아니고 낫을 때까지 굶는 것이 제일 빨리 낫는 방법입니다.       (오염된 위장 내용물이 완전 배출시 까지)       (먹는 약 별로 효과없고 더 심해지기도 함)    - 금식이  어려우면 맨죽을 며칠 드시고..          ( 전복같은 것 넣지 않은 맨죽 + 김치 약간+ 된장국 약간)      낫으면 평소에 자연식위주의 식사관리가  중요합니다.   아울러 배를 따뜻하게 핫팩 해줍니다.  알아두세요!  1.질문자의 정보 참조 용도로 활용 가능하며, 정확한 개인 증상 파악은 의료 기관 내방을 통해 진행하시기 바랍니다. 2.상담의사의 최종적인 의학적 소견을 나타낸 것이 아니며, 답변을 제공한 개인 및 사업자의 법률적 책임이 없음을 알려드립니다. 3.시의적, 물리적 환경에 따라 변경된 의학적 이견을 가질 수 있으며, 의학적 소견이 상이한 여러 의견을 모두 수렴하지는 않습니다. 위 답변은 답변작성자가 경험과 지식을 바탕으로 작성한 내용입니다. 포인트로 감사할 때 참고해주세요.   2019.02.18."
38,복통,https://kin.naver.com/qna/detail.nhn?d1id=7&dirId=70401&docId=331964452&qb=67O17Ya1&enc=utf8&section=kin.qna&rank=39&search_sort=0&spq=0,1,약국에서 병원진단서 없이 복통약구매 가능하나요???,,"안녕하세요. 네이버 지식iN 상담 약사 정일영 입니다.   예 배아플 때 먹는 약으로 약국에서 살 수 있는 약은 있으나, 약을 먹고 아픈 것이 가라앉지 않으면 다른 원인이 있을 수 있으니 병원에서 진찰 받으셔야 합니다."
39,복통,https://kin.naver.com/qna/detail.nhn?d1id=7&dirId=7010102&docId=335523084&qb=67O17Ya1&enc=utf8&section=kin.qna&rank=40&search_sort=0&spq=0,1,장염과 복통에 포타겔,어제 복통이 너무 심하고 물설사가 계속되어 병원에가서 수액을 맞고 포타겔과 알약을 처방받고 왔습니다. 복통은 확실히 괜찮아지긴 했는데 오늘은 대변이 나오질 않는데 어제는 하루종일 굶고 오늘도 하루종일 굶고 둥굴레차만 마시는중입니다. 나아가는 과정인지 아니면 먹은게 없어서 대변을 보지 않는것인지 궁금합니다. 배는 약하게 계속 아프긴합니다. 포타겔과 약이 효과가 있는걸까요 수액은 고농축 필수 아미노산이라고 쓰여진거 같긴 하던데 효과를 잘 모르겠어요,"안녕하세요. 하이닥-네이버 지식iN 상담의 김무웅 입니다.   포*겔은 장관에 흡착해서 물질이 밖으로 나가지 않게 도와주는 역할을 합니다 먹는 양이 줄어서 그런지, 실제 약에 반응이 있어서 증상이 호전된지는 제가 알 수는 없지만 현재 증상이 호전된다고 하면, 더 이상 ㅍ*겔은 그만 복용하셔야 합니다,   변비 가능성이 있으니, 증상 호전되면 중지하시길 바랍니다.   수액에 다른 약도 섞여서 들어갔을 수도 있습니다   감사합니다."
40,복통,https://kin.naver.com/qna/detail.nhn?d1id=7&dirId=7010102&docId=334747292&qb=67O17Ya1&enc=utf8&section=kin.qna&rank=41&search_sort=0&spq=0,1,마그네슘 설사 복통,마그네슘 영양제를 먹고 설사 복통 중인데해독 방법이 없나요?여기에 좋은 음식이라던가,안녕하세요. 하이닥-네이버 지식iN 상담의 이상욱 입니다.
41,복통,https://kin.naver.com/qna/detail.nhn?d1id=7&dirId=70104&docId=322247844&qb=67O17Ya1&enc=utf8&section=kin.qna&rank=42&search_sort=0&spq=0,1,설사를 동반한 복통과 혈변입니다.,"작년 8월 경 중국 여행 직후 고열과 장염을 앓았던 적이 있었는데, 그 이후로 복부팽만과 가스가 자주 차고 소화가 잘 안되기 시작하더니, 12월 말 쯤 부터 극심한 복통과 함께 변비증상이 나타나기 시작했습니다. 1월 중순부터는 대변이 1주일에 1번 꼴로 줄어들고 움직이지도 못할 정도의 복통이 하루에 4,5번꼴로 나타나고 변을 보면 변기물이 빨갛게 물들 정도로 피가 나기 시작했습니다. 1월 말이 되면서 복통과 혈변은 사라졌지만 복부팽만감과 소화불량은 남아있다가, 한 1주일 전 부터 다시 복통과 혈변이 같이 다시 나타나기 시작했습니다. 내시경을 한번 찍어봐야 할 까요? 보험이 없다면 내시경의 비용은 얼마인가요? 혹시 의심되는 질병은 무엇인가요?","안녕하세요. 대한의사협회·네이버 지식iN 상담의사 성천기 입니다.복통과 출혈이 동반된 경우라면장염과 치질일 수도 있으며,염증성 대장질환일 수도 있으니,대장항문 전문 병원을 찾아서 항문 검사부터 하시고,여기서 문제점이 없다면, 대장 내시경 검사도 같이 실시해야 합니다.너무 오랜 시간 방치된 느낌 입니다.비용은 이곳에서 말할 수 없는 금시 사항입니다.양해를 부탁합니다.            성천기      대장, 항문 외과 전문의      항사랑병원 052-269-0975   학력/자격 : 인제대학교 의학박사 전공 : 대장항문외과      예약     홈페이지     위치       알아두세요!  1.질문자의 정보 참조 용도로 활용 가능하며, 정확한 개인 증상 파악은 의료 기관 내방을 통해 진행하시기 바랍니다. 2.상담의사의 최종적인 의학적 소견을 나타낸 것이 아니며, 답변을 제공한 개인 및 사업자의 법률적 책임이 없음을 알려드립니다. 3.시의적, 물리적 환경에 따라 변경된 의학적 이견을 가질 수 있으며, 의학적 소견이 상이한 여러 의견을 모두 수렴하지는 않습니다. 위 답변은 답변작성자가 경험과 지식을 바탕으로 작성한 내용입니다. 포인트로 감사할 때 참고해주세요.   2019.02.28."
42,복통,https://kin.naver.com/qna/detail.nhn?d1id=7&dirId=7010102&docId=322031405&qb=67O17Ya1&enc=utf8&section=kin.qna&rank=43&search_sort=0&spq=0,1,3주간 원인 모르는 설사없는 복통올해 고등학교3학년 남성입니다.벌써 배가 아픈지 3주가 되어갑니다.배꼽아래로 중간 내지 왼쪽 지점이 아픕니다.설사 없고요. 변상태는 소화가 조금 안 된 변입니다.(아몬드를 먹어서 그런가?)너무 신경쓰이고 스트레스 받아요. 하는 일에 집중이 안됩니다.내과를 2번 가봤으나 별 다른 말이 없더군요별 다른 병명이 있을까요? 모든 복통은 거즘 설사나 혈변과 연결되나 정말 그런건 하나도 없습니다. 답변 부탁드립니다.,,"안녕하세요. 하이닥-네이버 지식iN 상담의 김성강 입니다. 아무쪼록 빠른 증상 호전이 있으시기를 바라겠습니다만..3주 이상 지속되는 만성 설사 및 복통시에는 단순히 과민성대장증후군으로 진단을 하기보다는 다른 동반 증상 즉, 크론이나 궤양성 대장염 등의 감별을 위하여 필요시 전체적인 전주 대장내시경 검사를 해보시는 것도 좋습니다.물론 꾸준한 유산균의 복용도 필요하실 것 같구요.혹시 지속적인 불편 증상이 있다면 다른 병원에도 한번 가보시고, 필요하다면 대장내시경 검사를 해보시면 좋겠습니다.감사합니다.            김성강      외과 전문의      우리들항외과의원(전주) 063-225-0770   학력/자격 : 임상초음파 인정전문의 전공 : 대장항문외과, 소화기 외과      예약     홈페이지     위치       알아두세요!  1.질문자의 정보 참조 용도로 활용 가능하며, 정확한 개인 증상 파악은 의료 기관 내방을 통해 진행하시기 바랍니다. 2.상담의사의 최종적인 의학적 소견을 나타낸 것이 아니며, 답변을 제공한 개인 및 사업자의 법률적 책임이 없음을 알려드립니다. 3.시의적, 물리적 환경에 따라 변경된 의학적 이견을 가질 수 있으며, 의학적 소견이 상이한 여러 의견을 모두 수렴하지는 않습니다. 위 답변은 답변작성자가 경험과 지식을 바탕으로 작성한 내용입니다. 포인트로 감사할 때 참고해주세요.   2019.02.26."
43,복통,https://kin.naver.com/qna/detail.nhn?d1id=7&dirId=7010102&docId=317658075&qb=67O17Ya1&enc=utf8&section=kin.qna&rank=44&search_sort=0&spq=0,1,구토 및 복통호소,저 밤중에 자다가 갑자기 화장실이 가고싶어서 갔는데 배변 활동은 진행 되지 않고구토를 하게 되었습니다. 그 후에 섭취한 음식도 없는데 계속 구토가 나오고 복통을 호소하게 되었습니다.혹시 이런 증상에 대한 대처 방법이 따로 있을까요?,"안녕하세요. 하이닥-네이버 지식iN 상담의 김무웅 입니다.다른 복부 증상 없이 구토/복통만 있다면위/식도의 폐쇄 및 염증 등의 가능성이 있고.가끔 쓸개염.췌장질환 등을 생각해볼 수 있습니다.발열 등이 있다면 염증성 질환을 생각해보겠지만단순 복통/구토만 있다면 위내시경 등으로 위의 병변을 먼저 살펴보는게 좋겠습니다.다른 약물 등을 복용하고 있다면 그 관련 가능성도 같이 생각해보는게 좋겠습니다. 감사합니다.  알아두세요!  1.질문자의 정보 참조 용도로 활용 가능하며, 정확한 개인 증상 파악은 의료 기관 내방을 통해 진행하시기 바랍니다. 2.상담의사의 최종적인 의학적 소견을 나타낸 것이 아니며, 답변을 제공한 개인 및 사업자의 법률적 책임이 없음을 알려드립니다. 3.시의적, 물리적 환경에 따라 변경된 의학적 이견을 가질 수 있으며, 의학적 소견이 상이한 여러 의견을 모두 수렴하지는 않습니다. 위 답변은 답변작성자가 경험과 지식을 바탕으로 작성한 내용입니다. 포인트로 감사할 때 참고해주세요.   2019.01.04."
44,복통,https://kin.naver.com/qna/detail.nhn?d1id=7&dirId=7010102&docId=335146483&qb=67O17Ya1&enc=utf8&section=kin.qna&rank=45&search_sort=0&spq=0,1,운동 중 복통,최근 2주 동안 증상이 나타났습니다.평소에는 복통이 없다가 헬스장에서 웨이트 운동으로 힘을 주게 되먼 복통이 옵니다.부위는 대략 윗배 근처인거 같습니다...운동을 멈추고 한동안 쉬면 괜찮아집니다...왜이러는걸까요?병원을 가려면 어디로 가는게 좋을까요?,안녕하세요. 하이닥-네이버 지식iN 상담의 이상욱 입니다.
45,복통,https://kin.naver.com/qna/detail.nhn?d1id=7&dirId=70104&docId=330064763&qb=67O17Ya1&enc=utf8&section=kin.qna&rank=46&search_sort=0&spq=0,1,"심한 복통 1회 후, 혈변을 보았습니다.","잠든지 몇 시간 지나지 않은 25일 새벽, 심한 복통(설사느낌)에 잠에서 깬 뒤, 설사를 했습니다. 그러고나니 복통은 좀 가라앉았습니다. 전날 먹은음식은 치킨까스, 냉면, 다소 기름진 과자 등 입니다.그 뒤, 아침에 일어나서 다시한번 약간의 설사를 했는데,변 중에서 형태가 유지되어 있는 부분이 혈액이 섞인 점액질에 싸여서 나온듯 했습니다.그리고, 피도 좀 같이 나왔는데, 물에 풀어지는 형태가 아니고 점액질 형상입니다.그러고나서, 내과에 내원해서 장염약을 받아 복용중입니다. 그 뒤로 복통자체는 사그라 들었고,혹시몰라서 먹은게 죽 조금밖에 없는지라, 대변의 양은 아주 소량이었는데, 다소 묽은 변이었고 양은 좀 줄은듯 싶기는 했지만 여전히 점액질 형태의 혈액도 같이 나왔습니다(물에 안풀어짐).약 2년전에 6개월간 과민성대장증후군으로 약을 복용한적 있습니다.또한, 올해초에 실시한 대장내시경에서 용종은 없었으나, 염증이 있다는 소견이 있어서3주가량 약을 복용한 경험이 있습니다.어떤 질병이 의심되고, 어느 병원에서 진료 받아야 하는지 궁금합니다.","안녕하세요. 대한의사협회·네이버 지식iN 상담의사 성천기 입니다.   심한 장염이나, 허혈성 장염이 의심되는 증상이군요. 단순 장염은 몇일 지나야 출혈이 있을 수 있는데 허혈성 장염은 심한 통증과 출혈이 일어날 수 있습니다. 그리고 이전에 있었던 염증성 질환이 더 심해졌을 수도 있으니 대장항문 전문 병원에서 다시 대장 검사가 필요한 경우로 판단 됩니다.   참고가 되었으면 합니다."
46,복통,https://kin.naver.com/qna/detail.nhn?d1id=7&dirId=70104&docId=311215012&qb=67O17Ya1&enc=utf8&section=kin.qna&rank=47&search_sort=0&spq=0,1,"제가 복통과 변비가 너무 심해서 위 대장내시경을 받았고 검사 결과 깨끗하고 위 대장 모두 정상이라는 소견을 받았습니다.다만 의사선생님께서 다른 사람들 장과 다르게 장이 반대로 있고 각져 있어서 변비가 자주 오고 과민성대장증후군도 나타난다고 하더군요,,, 그럴 수 도 있는건가요 ㅠ 만약 그렇다면 변비를 줄일 해결 방법은 없는건가요그리고 내시경 받은 이후 평균적으로 언제 배변이 가능한가요? 또 내시경할때 가스를 주입해서 그런지 꼬르륵 소리와 함께 가스가 움직이는게 느껴지고 배꼽밑을 누르면 아파요 언제쯤 사라질까요",,"안녕하세요. 대한의사협회·네이버 지식iN 상담의사 이무혁 입니다.- 복통, 변비, 설사는...      거의가 식사관리에서 오는 문제이므로     내시경에는 나오지 않습니다.- 따라서 섭생( 식사문제, 운동,,등) 에 유의한다면       반드시 좋아집니다.     -  예를 들면,      식사관리 =   식사를 섬유질(잡곡식 50%이상의 잡곡밥, 생야채, 된장국 위주,,)식사로 바꾸고     운동도 중요함. (하루 12000보 이상 걷기, 달리기 해 보세요.)    - 특히..     1)인스턴트 식품 -  (라면, 빵,햄버거 ,피자. 핫도그, 생선,,...과자류 ,콜라,사이다)         안 좋을때는  우유 야쿠르트 - 피해야 함.           (낫으면 절대 자연식 위주로 섭취함 )    2) 매일 걷기운동(속보)을  총 60분이상 해 봅니다.         (꾸준히 - 가능한 출퇴근/통학시간에.. )       - 처음엔 힘들지만..목표를 달리기에 두고 -     3) 과식(過食)도 피해야 함         많이 먹어 소화가 안 되면 역시 가스 생성의 원인이 됨       이 3가지만 조심하면 100% 반드시 호전 됩니다.  알아두세요!  1.질문자의 정보 참조 용도로 활용 가능하며, 정확한 개인 증상 파악은 의료 기관 내방을 통해 진행하시기 바랍니다. 2.상담의사의 최종적인 의학적 소견을 나타낸 것이 아니며, 답변을 제공한 개인 및 사업자의 법률적 책임이 없음을 알려드립니다. 3.시의적, 물리적 환경에 따라 변경된 의학적 이견을 가질 수 있으며, 의학적 소견이 상이한 여러 의견을 모두 수렴하지는 않습니다. 위 답변은 답변작성자가 경험과 지식을 바탕으로 작성한 내용입니다. 포인트로 감사할 때 참고해주세요.   2018.10.04."
47,복통,https://kin.naver.com/qna/detail.nhn?d1id=7&dirId=70101&docId=318320499&qb=67O17Ya1&enc=utf8&section=kin.qna&rank=48&search_sort=0&spq=0,1,음주 후 복통인데요.좌측 상복부 갈비뼈가 욱씬 거리는 통증이13초정도 지속되어 잠에서 깼습니다.(마치 맥박이 뛰는듯한...) 다음날에도 같은 증상이 있었고 완화되면서 조금씩 남았네요.지금 안 아프면 병원 안가도 되나요?명치가 안아프고 좌측 갈비가 아픈데 위염일 수도 있나요?아니 첫 음주인데ㅠㅠ췌장염이면 어떡해요,,"안녕하세요. 하이닥-네이버 지식iN 상담의 김무웅 입니다.좌측 갈비 밑에 췌장의 꼬리가 있습니다.음주 후 복통이라면 췌장염/급성위염 등으 생각해볼 수 있고 급성 소장염 가능성도 있습니다.통증이 없다면 조금 더 지켜보셔도 되나, 발열/통증 지속,소화불량이 지속된다면혈액검사 및 초음파/위내시경 등의 검사를 같이 해보는게 좋겠습니다.감사합니다.  알아두세요!  1.질문자의 정보 참조 용도로 활용 가능하며, 정확한 개인 증상 파악은 의료 기관 내방을 통해 진행하시기 바랍니다. 2.상담의사의 최종적인 의학적 소견을 나타낸 것이 아니며, 답변을 제공한 개인 및 사업자의 법률적 책임이 없음을 알려드립니다. 3.시의적, 물리적 환경에 따라 변경된 의학적 이견을 가질 수 있으며, 의학적 소견이 상이한 여러 의견을 모두 수렴하지는 않습니다. 위 답변은 답변작성자가 경험과 지식을 바탕으로 작성한 내용입니다. 포인트로 감사할 때 참고해주세요.   2019.01.11."
48,복통,https://kin.naver.com/qna/detail.nhn?d1id=7&dirId=70117&docId=330257452&qb=67O17Ya1&enc=utf8&section=kin.qna&rank=49&search_sort=0&spq=0,1,"피로, 오한(?), 복통 왜 생길까요30대 여자이고 최근에 일이 바빠져서 많이 피곤합니다.그런데도 이상하게 일곱시간 이상은 못 자고,자다가도 한두번씩 깨게 되네요.여름인데도 한번씩 추워서 떨리는 느낌이 들고, 추위도 더 잘 느끼는 것 같고, 그러다가 훅 덥기도 하는데 열은 없어요.제일 신경쓰이는건 복통이 위아래 양옆에 돌아가면서 약하게 욱신거리듯이 옵니다. 화장실은 잘 가고있는데 소화도 조금 안 되는 것 같아요. 어떤 증상도 뚜렷하지 않고 생겼다 말았다해서 뭐가 문제인지 모르겠어요. 그렇지만 계속 피곤하고 다리도 약간 부은 느낌이에요대체 뭐가 문제일까요ㅠㅠ",,안녕하세요. 하이닥-네이버 지식iN 상담의 이상욱 입니다.   영상 답변 드립니다  감사합니다
49,복통,https://kin.naver.com/qna/detail.nhn?d1id=7&dirId=7010102&docId=314627592&qb=67O17Ya1&enc=utf8&section=kin.qna&rank=50&search_sort=0&spq=0,1,아랫배 복통과 설사와 이마의 열. 이틀전부터 배와 머리가 아프더니 설사를 했습니다. 지금도 여전히 그러고요. 그리고 방귀를 뀌면 아주아주 독한 냄새도 납니다. 두통때문에 두통약도 먹었는데 나아지질 않습니다. 트림은 자주 나오고요. 설사 한번 보면 배는 덜 아픕니다..질병과 질병원인의 해결방안을 알려주세요.,,"안녕하세요. 하이닥-네이버 지식iN 상담의 김무웅 입니다.복통/설사/발열/두통이 있다면 장염/게실염 등을 먼저 생각해보겠습니다.장염으로 인한 전신 발열/두통 가능성도 있어 보이나, 다른 염증성 질환도 같이 생각해보아야겠습니다. 발열/설사/복통 지속시에는 인근 의료기관 방문해보는게 좋겠습니다.감사합니다.  알아두세요!  1.질문자의 정보 참조 용도로 활용 가능하며, 정확한 개인 증상 파악은 의료 기관 내방을 통해 진행하시기 바랍니다. 2.상담의사의 최종적인 의학적 소견을 나타낸 것이 아니며, 답변을 제공한 개인 및 사업자의 법률적 책임이 없음을 알려드립니다. 3.시의적, 물리적 환경에 따라 변경된 의학적 이견을 가질 수 있으며, 의학적 소견이 상이한 여러 의견을 모두 수렴하지는 않습니다. 위 답변은 답변작성자가 경험과 지식을 바탕으로 작성한 내용입니다. 포인트로 감사할 때 참고해주세요.   2018.11.25."
50,복통,https://kin.naver.com/qna/detail.nhn?d1id=7&dirId=70104&docId=328576072&qb=67O17Ya1&enc=utf8&section=kin.qna&rank=51&search_sort=0&spq=0,1,설사 복통 질문이요,"작년 봄부터 여름까지 하루도 빠짐없이 설사를 했어요복통이 너무 심해서 참을 수 없었어요ㅠㅠ먹은 모든 것들은 설사로 나왔고, 내과 내원해서 받은 약들 먹어도 낫질 않았어요작년 가을까지 그 증상이 계속됐었고, 전 후로 몸무게가 6-7키로정도 차이나게 되었어요병원에선 과민성 대장 증후군이라고 했어요ㅠㅠ 내시경 받진 않았습니다50키로 정도에 보통 체형의 성인 여성이었으나 마른체형이 되었어요작년 겨울과 이번년도 봄에는 아주 건강했어요 설사도 가끔 했고, 소화 불량 같은 증상이 없었어요하지만 최근 두 달 동안 또 설사가 계속됩니다. 봄부터 시작됐는데 항상 설사를 하였고, 설사 하기 전 복통이 있었어요. 최근 일주일간은 가스가 너무 차서 아무것도 먹지 않아도 배가 불러있었고, 속이 매스껍기까지 합니다.종강하면 내시경 받으려고 하는데 혹시 이 증상이 어떤 질병으로 의심되나요?똑같이 과민성대장증후군이 맞을까요? 맞다면 밤에 잠을 자기 직전과 자고 난 후까지도 배가 너무 불편해서 일상생활이 힘든데 나아질 방법이 없나요?약을 먹으면 변비 같은 증상이 와서 잘 안먹으려고 했습니다ㅠㅠ","안녕하세요. 대한의사협회·네이버 지식iN 상담의사 이무혁 입니다.   - 만성 설사는            반드시 올바른 섭생으로만 고쳐집니다.               ( 철저한 식사관리, 운동..)   - 진단은 붙이기 나름이므로 의미가 없음.             과민성, 궤양성, 크론..    - 약으로 완치되지 않으며        내시경검사도 검사를 위한 검사임.         - 본인이 바른 자연식의 식사관리를 찿아야하고             운동도 나름대로 찿아야합니다.   ( 목표는 쾌변입니다 )      쾌변은 변이 약간 굵고 길게 1-2덩이로 시원하게 끝나는 배변입니다.            그러면 탈분도 잘 되어 휴지에 묻는 것이 별로 없습니다.  - 쾌변을 위해서       식사관리 =                   식사를 섬유질(잡곡식 90%이상의 잡곡밥 + 생야채 + 된장국 청국장,,)                  = 3가지를 기본식사로 하고  인스턴트 식품을 자제해야 합니다            ( 절대금지 인스턴트류 = 라면, 빵,햄버거 ,피자. 핫도그, ,...과자류 ,콜라,사이다등 청량음료)           (낫으면 자연식 위주로 섭취함 )   운동도 매우 중요합니다. (하루 12000보 이상 걷기, 달리기 해 보세요.)  (만보계 권함)         처음부터 무리하지 말고 매주 1000보씩 늘려 보세요"
51,복통,https://kin.naver.com/qna/detail.nhn?d1id=7&dirId=70117&docId=329240662&qb=67O17Ya1&enc=utf8&section=kin.qna&rank=52&search_sort=0&spq=0,1,"복통질문요즘 아침에 고구마 요거트에 카카오닙스,비폴렌 섞어서 먹고있구여점심에 현미100밥 닭가슴살먹고저녁 토마토2개 닭가슴살 이렇게 식단먹고있는데일주일간 복통이 없다가 생겼는데요식이섬유가 너무많아서 그런걸까여??아님 현미100프로때문인걸까여?복통이 한몇시간 가다가 사라지네요공복에 요거트와 고구마가 안젛다해서 점심으로 바꿔봤는데도 복통이 있어요ㅠㅠ똥은 하루에 한번싸요 설사로안나오고요",,안녕하세요. 하이닥-네이버 지식iN 상담의 이상욱 입니다.   영상 답변을 참고해 주세요  감사합니다.
52,복통,https://kin.naver.com/qna/detail.nhn?d1id=7&dirId=70101&docId=316769536&qb=67O17Ya1&enc=utf8&section=kin.qna&rank=53&search_sort=0&spq=0,1,"몇일째 하루종일 심한 복통과 설사,온몸에 근육통,두통이 계속 되는데 무슨 증상인가요 ..식중독인가요 독감인가요",,"안녕하세요. 하이닥-네이버 지식iN 상담의 김무웅 입니다.근육통/발열 및 기침/가래/인후통/콧물 이 동반된다면 독감 가능성이 높고설사/복통이 동반된다면 장염이 높을 것으로 생각됩니다. 며칠 째 지속된다면 인근 병/의원 방문해보는게 좋겠습니다.감사합니다.  알아두세요!  1.질문자의 정보 참조 용도로 활용 가능하며, 정확한 개인 증상 파악은 의료 기관 내방을 통해 진행하시기 바랍니다. 2.상담의사의 최종적인 의학적 소견을 나타낸 것이 아니며, 답변을 제공한 개인 및 사업자의 법률적 책임이 없음을 알려드립니다. 3.시의적, 물리적 환경에 따라 변경된 의학적 이견을 가질 수 있으며, 의학적 소견이 상이한 여러 의견을 모두 수렴하지는 않습니다. 위 답변은 답변작성자가 경험과 지식을 바탕으로 작성한 내용입니다. 포인트로 감사할 때 참고해주세요.   2018.12.18."
53,복통,https://kin.naver.com/qna/detail.nhn?d1id=7&dirId=7011403&docId=336455689&qb=67O17Ya1&enc=utf8&section=kin.qna&rank=54&search_sort=0&spq=0,1,카일리나 시술 후 복통,저번달 30일에 카일리나 시술을 했는데요 어쩌다 한번씩 배랑 허리가 아픈데 배는 진짜 찢어질것같이 아파서 병원 가서 진통제 받아왔어요 근데 배드민턴이나 스쿼트 이런 운동을 하면 배가 엄청 아프더라구요 어젠 운동을 좀 심하게 했더니 팬티라이너 한개 꽉 차게 피도 나왔구요ㅠㅠ 왜 그런걸까요??,"안녕하세요. 하이닥-네이버 지식iN 상담의 권소영 입니다.   #피임 #루프 #카일리나 #미레나 #제이디스 #복통    루프 삽입후 몇 일간은 복통 및 출혈이 있을 수 있습니다.  하지만, 3-4주 이상 복통이 지속되는 것은 일반적인 상황은 아닙니다."
54,복통,https://kin.naver.com/qna/detail.nhn?d1id=7&dirId=70117&docId=330610443&qb=67O17Ya1&enc=utf8&section=kin.qna&rank=55&search_sort=0&spq=0,1,"저번주 토요일에 복통과 설사로 인한 장염증상으로병원이 닫아 약국에서 처방받은약을 일요일까지먹고 일요일에 죽한번 먹은후.월요일 아침까지 안먹고 바로 병원갔는데 설사는 이틀정도 약하게 두번정도 복통은 여전해서 월요일에 병원에서 장염증상이라고 하셔서 3일약먹고 (이틀정도 변을봤을때 진짜 조금보고 하루는 X) 3일동안 죽으로 하루2끼, 먹는데 화요일 저녁부터 몸살증상으로 인해 타이레놀 섭취(약사상담후 복용함)목요일에 복통은 좀 줄고 가스차는게 심해서 그거에 따른 약을 4일치 처방받았어요.목요일에 다행이 변을 봤지만. 설사는 아니고 그렇다고 건강한변은 아니예요.당연히 음식은 당분간 죽으로 먹을 생각이고..장염이 나으면서 위염증상이 다시 ㅠ 슬쩍 시작되려해서양배추+야채+계란죽으로 먹고있어요.5일 반정도 지난 후→지금 현재 약한속쓰림+화장실 가고싶은 배아픔이 생겼다 말았다함 +양배추버섯계란넣어 죽먹은후 약복용 3시간경과 다행이 어제보다 가스차는 느낌,트름 등 증상 없음.여기서 궁금한건..1.첫번째 비타민복용공복 유산균(캡슐) + 양배추즙 + 종합비타민+루테인평소게 이렇게 먹던 상태에서 유산균+양배추즙만 2틀전부터 다시 먹기시작(장염발생후 한동안 먹지않았음)다시 순서대로 다 먹으려고 하는데 괜찮을까여?2.두번째 정상식사는 언제부터죽을 오래먹어서 ㅠ 밥은 언제쯤 먹을수 있을까여?입맛이 없어서 몸무게가 많이 줄었어서 보통식사를 하고싶네요.맵고 기름지고 날것은 안된다는건 알고 있고더 피해야할것도 있나요? 면종류나 빵은 언제쯤?ㅠㅠ3.음주당장 주말부터 다음주 주말까지 모임이 있습니다.ㅠ이번주 주말은 빼려면 뺄수있는데.다음주는 일관련이라 뺄수없어서 ㅠ일단 이번주까지는 쉬는게 좋다고 생각하는데 어떤가여? 그리고 언제쯤 가능할까여?",,안녕하세요. 하이닥-네이버 지식iN 상담의 이상욱 입니다.   영상 답변 드립니다  감사합니다
55,복통,https://kin.naver.com/qna/detail.nhn?d1id=7&dirId=7010102&docId=328080535&qb=67O17Ya1&enc=utf8&section=kin.qna&rank=56&search_sort=0&spq=0,1,아침마다 복통이 있어요 통증부위는 왼쪽 아랫배구요 느낌은 설사를 할것같은 느낌? 인데요 어떨때는 살짝만 아프구요 변인가 싶어 변을 누려해도 변이 나오는 자극이 나지않습니다 하지만 평소에 변은 잘눕니다 색깔이나 크기나 이상한거 하나없어요 특이한건 주말엔 통증이 없고 평일에만 통증이 오는데 제가 학교를 가는데 어린이집이나 학교가는거에 대한 스트레스 때문에 아침에 배가 아프다는걸 많이 봤는데 그거랑 상관 있을까요?,,"안녕하세요. 하이닥-네이버 지식iN 상담의 김무웅 입니다.   평일에만 어떤 일을 하기전(약간 긴장이 되는, 편하지는 않음)에만 증상이 있다면 스트레스로 인한 증상 가능성을 생각해보겠습니다.   정말 어딘가가 아프다면 휴일 여부 상관 없이 지속적인 통증이 있을 것으로 생각됩니다."
56,복통,https://kin.naver.com/qna/detail.nhn?d1id=7&dirId=70117&docId=330393977&qb=67O17Ya1&enc=utf8&section=kin.qna&rank=57&search_sort=0&spq=0,1,복통이 있습니다.미칠듯이 아프다는 아닌데 좀 찝찝하게 속이 아픕니다.그리고 2일~3일째 물설사만 하고있고색깔은 겉보기엔 꺼먼데 닦고나면 초록색을 띕니다.그리고 몇일전에 닭고기를 덜 익힌거 먹은게 생각나네요.사실 식중독이라고 생각하고 있는데다른 문제가 있을까봐 걱정되서 질문남겨요.현제 호주라 병원은 못찾아가고있고 7월10일인 8일뒤 귀국예정 입니다..나이는 93년생이고 남성입니다.술담배안하고 야식 자주먹었고 좀 불규칙한 수면이 잦긴합니딘.,,안녕하세요. 하이닥-네이버 지식iN 상담의 이상욱 입니다.   영상 답변 드립니다  감사합니다.
57,복통,https://kin.naver.com/qna/detail.nhn?d1id=7&dirId=7010102&docId=326327658&qb=67O17Ya1&enc=utf8&section=kin.qna&rank=58&search_sort=0&spq=0,1,먹을때마다 복통설사,"안녕하세요. 저는 21살 남자입니다.  최근들어 무언가 먹으면 명치 근처 배가 아프고 바로 설사를 합니다.  제가 중학생일때 지금이랑 똑같은 증상이 있었는데요,  그 당시에는 2년동안 1주일에 3-4일은 그랬던것 같습니다.  어렸을 적이라 기억이 잘 나지 않습니다만 그때 부정맥 증상도 조금 보여  대학병원에 갔을때 그 쪽에 중심을 두고,  복통에 관해서는 흐지부지하게 말해 별다른 답을 못받았었습니다.  고등학생이 되면서 증상이 점점 완화되더군요  입시스트레스때문에 그랬나? 하며 잊고 지냈습니다만..  요새 다시 이럽니다. 그때에도 뭔가 먹으면 배가 너무 아파서  잘 먹지를 않았거든요. 매번 바로 화장실가는것도 힘들고..  동네 작은 병원을 가면 장염같은걸로 처방해주시는데  저도 장염 겪어봤으나 정말 다른 느낌이거든요.ㅠㅠ  장염은 시도때도없이 설사한다면 지금은 먹고 난 순간만 복통설사합니다.  저는 스트레스때문일거라고 느낌이 오는데요..  배아픈게 스트레스입니다. 어떻게 해야할까요?","안녕하세요.    하이닥-네이버 지식iN 상담의 김성강 입니다.   아마도 과민성대장증후군에 의해 지속적인 불편함이 있는 것 같은데..   그 증상이 식사관리, 스트레스관리, 운동을 통해서도 호전이 없다면..ㅠㅠ   증상에 맞게 약을 처방 받으시는 것이 좋겠고,   어떤 유산균이라도 좋으니, 유산균을 꾸준하게 지속적으로 복용하시는 것도 좋을 것 같습니다.   혹시 그럼에도 증상 호전이 없다면..   나이가 어리시더라도 전체적인 전주 대장내시경 검사를 통해 다른 동반질환이나 대장의 염증질환 유무를 확인해보실 필요가 있겠습니다.   아무쪼록 빠른 쾌유를 바라겠습니다.   감사합니다."
58,복통,https://kin.naver.com/qna/detail.nhn?d1id=7&dirId=7010102&docId=332565191&qb=67O17Ya1&enc=utf8&section=kin.qna&rank=59&search_sort=0&spq=0,1,가끔 오는 복통,가끔 소변을 볼때 오른쪽 배꼽과 골반뼈사이의 아랫배 부분이 바늘로 찌르고 찢는 듯한 복통이 와요. 왜 다른때에는 안오고 소변 볼때만요 왜 그러는 걸까요? 병일까요?병원 꼭 가봐야 하는 건가요?,안녕하세요. 하이닥-네이버 지식iN 상담의 이상욱 입니다.
59,복통,https://kin.naver.com/qna/detail.nhn?d1id=7&dirId=7011404&docId=318494092&qb=67O17Ya1&enc=utf8&section=kin.qna&rank=60&search_sort=0&spq=0,1,방광염 진단을 받고 약을 복용하는 도중 복통,"남자친구와 성관계 후 소변 볼 때마다 느껴지는 잔뇨감이랑 소변 볼 때 통증+잦은 소변+나중에는 혈뇨까지 찔끔찔끔 나오길래4일 정도 약먹고 버티다가 병원에 갔더니 방광염 진단을 받았습니다.항생제 주사에 5일치 약을 처방받고 돌아왔는데 잔뇨감이나 혈뇨등 방광염 증상은 많이 사라졌지만 3~4일치 약을 먹었을 즈음부터 생리통처럼 아랫배가 아려오더라구요ㅠㅠ이리저리 검색해본 결과 고열도 없고해서 처음엔 변비때문인가보다 하고 넘겼지만 변비가 해결돼도 복통은 계속 되고, 5일차 약을 다 먹고 나서도 아랫배 복통이 가라앉을 기미가 안 보이길래 걱정되서 질문올립니다ㅠㅁㅠ)9","안녕하세요. 대한의사협회·네이버 지식iN 상담의사 이승필 입니다.물런 방광염때도 하복통이 같이 올 수 있답니다.하지만 약을 2~3일 복용하면 대부분은 방광염증상과 통증도 같이 없어진답니다.하지만 복통의 증상이 지속된다면 산부인과에 내원해서 초음파등의 진찰을 한번 받아보시는 것을 권유하고 싶군요.  알아두세요!  1.질문자의 정보 참조 용도로 활용 가능하며, 정확한 개인 증상 파악은 의료 기관 내방을 통해 진행하시기 바랍니다. 2.상담의사의 최종적인 의학적 소견을 나타낸 것이 아니며, 답변을 제공한 개인 및 사업자의 법률적 책임이 없음을 알려드립니다. 3.시의적, 물리적 환경에 따라 변경된 의학적 이견을 가질 수 있으며, 의학적 소견이 상이한 여러 의견을 모두 수렴하지는 않습니다. 위 답변은 답변작성자가 경험과 지식을 바탕으로 작성한 내용입니다. 포인트로 감사할 때 참고해주세요.   2019.01.10."
60,복통,https://kin.naver.com/qna/detail.nhn?d1id=7&dirId=70101&docId=311927483&qb=67O17Ya1&enc=utf8&section=kin.qna&rank=61&search_sort=0&spq=0,1,"원인모를 복통, 대변 수십번, 설사는 않합니다.","저희 엄마가 많이 편찮으셔서 답답한 마음에 글을 올립니다.원인모를 복통으로 인해 절박한 마음에 문의 드립니다.저희 엄마는 희귀 난치성질환 (쇼그렌증후군, 저칼륨혈증) 앓고 계십니다.원래 쇼그렌증후군 병이 있으셨는데 1년 전부터 가끔 복통이 오면서 화장실을 자주 갑니다.설사는 전혀 아니며 대변을 조금씩 보시는데 하루에 30분동안 화장실을 연달아 3~5번 정도가거나 하루에 10회 이상 대변을 보시는 경우가 종종 있습니다.화장실을 자주 갈수록 온몸 사지가 아프고 어지러움과 심한 복통이 오십니다.배가 아픈증상은 살살 아프기도 하고 쥐어짜듯이 아프다고도 합니다. 그러면서 화장실을 가고싶은 느낌이 드신다고 합니다.집안에서 일상생활이 힘들정도이며 일어서기도 힘들어하셨고 누워 계셔야 합니다. 복통은 1~3일정도 지나야 괜찮아지시며 현재는 횟수가 증가하여 일주일에 3일정도는 이런증상이 악화되고 있습니다.아플때마다 각종 소화제복용 및 내과치료 수액도 맞아 보았으며 일시적으로 괜찮아지다가 복통이 반복 됩니다.병원에서는 기능이 떨어지고 영양이 부족하다고 하시는데 1년이상 지속되는게 이상합니다.그러던 중 며칠전 복통 및 과호흡증상 으로 쓰러지셔서 상급병원 응급실에 가서 검사하던 중 칼륨수치가 2.3까지 떨어진게 발견되어 입원하시게 되었습니다.퇴원후 신장내과 외래진료를 정기적으로 받고 있으며 현재 칼륨수치는 3.2 이상 정상수치 범위라는데도 복통은 여전합니다.해당 신장내과 진료시 담당 주치의한테 물어보니 복통오는거는 저칼륨과 전혀 관련이 없다고 하십니다.설사를 해야 칼륨과 연관이 있는데 복통과 대변보는거는 신장내과와 관련이 없다고 하셨습니다.저희는 여태 칼륨수치가 떨어져서 복통이 심해서 치료받는거로 알고 있었는데 아니라고 하시더군요 ㅠ해당교수님이 부신기능이 떨어진거로 의심되어 내분비내과를 연결해주셨고 검사했으나 내분비내과에서도 전혀 이상없다고 하십니다.현재 앓고 계시는 쇼그렌증후군 때문은 아닌지 의심되서 류마티스내과 주치의 분께 문의드렸으나 복통이 오는거는 해당과와 전혀 관련이 없다고 하십니다.병명을 찾아내서 치료를 받고 싶습니다. 의심되는 병이나 어디과에 진료접수를 해야할지.. 알려주세요!!!  절박합니다.","안녕하세요. 하이닥-네이버 지식iN 상담의 심원섭 입니다.쇼그렌증후군과 복통은 직접적인 연관은 없어 보입니다. 여러 진료과에서 진료를 받으셨는데 명확히 원인을 찾기 어려운 경우가 있습니다. 우선은 혈액검사상 이상이 있는 수치를 교정하시면서 원인을 파악하기 위한 검사를 진행하셔야 할 것 같습니다. 만약 원인을 찾지 못하였다면 과민성대장증후군이나 일시적인 장염증상으로 생각되어지니 이에 대한 치료를 하시면 될 것 같습니다. 치료잘받으시기 바랍니다.감사합니다.            심원섭      외과 전문의      건강한미래항외과의원 031-414-8275   학력/자격 : 건국대학교 의학전문대학원 외래 초빙 교수 전공 : 대장항문외과      예약     홈페이지     위치       알아두세요!  1.질문자의 정보 참조 용도로 활용 가능하며, 정확한 개인 증상 파악은 의료 기관 내방을 통해 진행하시기 바랍니다. 2.상담의사의 최종적인 의학적 소견을 나타낸 것이 아니며, 답변을 제공한 개인 및 사업자의 법률적 책임이 없음을 알려드립니다. 3.시의적, 물리적 환경에 따라 변경된 의학적 이견을 가질 수 있으며, 의학적 소견이 상이한 여러 의견을 모두 수렴하지는 않습니다. 위 답변은 답변작성자가 경험과 지식을 바탕으로 작성한 내용입니다. 포인트로 감사할 때 참고해주세요.   2018.10.15."
61,복통,https://kin.naver.com/qna/detail.nhn?d1id=7&dirId=7011404&docId=330018762&qb=67O17Ya1&enc=utf8&section=kin.qna&rank=62&search_sort=0&spq=0,1,생리기간전에도 생리통처럼 약하게 복통이 간간히 잇엇고이전에 골반염 질염 과거력이 있어요동시에 단백뇨도 많이 나와서 따로 병원 안가고 한약치료 했엇구요이번 생리때는 생리전부터 양쪽 아랫배가 묵직하게 아프더니예정일보다 일주일 늦게 생리시작하고이번에 생리혈도 검붉지 않고 선홍색에 가깝고 거의 핑크빛이에요냄새도 조금 나는 거 같고핑크빛이라는게 생리대말고 휴지로 닦앗을때 물섞은것처럼 옆으로 퍼지거든요지지난달부터 양도 좀 줄엇거든요혹이 안에서 생리가 아니라 다른 출혈같은건 아닐런지..뭐..문제 잇는...걸까요?,,"안녕하세요. 하이닥-네이버 지식iN 상담의 최동석 입니다.   생리기간 전에도 생리통처럼 통증이 있으시군요. 이번에는 생리의 색과 냄새가 평소와 다르고 양도 달라서 문제가 생긴 것은 아닌지에 대해 문의를 주셨네요. 답변을 드리겠습니다.   우선 평소에도 건강에 약간의 신호가 있었던 것으로 보여집니다.   생리혈의 색깔과 양은 컨디션에 따라, 그리고 호르몬의 영향과 복용하시는 약물 등에 따라 변화가 있을 수 있습니다. 물론 자궁난소의 질환이 있을 때에도 변화가 보일 수도 있지만, 자궁난소의 질환을 의심할 때에는 생리 주기를 가장 먼저 확인하셔야 합니다.    하지만 질문자님의 경우 골반염, 질염 등의 과거력이 있으시기 때문에 작은 증상들도 그냥 보내시지 마시고 산부인과에 내원하셔서 검진을 받아 보실 것을 권유드립니다. 골반염, 질염 등은 치료 이후에 케어가 함께 진행되어야 하고, 이 부분이 미흡할 경우에 재발하기 쉬운 질환이기 때문입니다. 또한 해당 질환이 있을 때에는 면역력이 약해져 자궁 질환으로 이어지는 경우도 있습니다. 따라서 섬세한 산부인과 검진을 통해 건강을 확인하시고 지키시기를 바랍니다.   감사합니다."
62,복통,https://kin.naver.com/qna/detail.nhn?d1id=7&dirId=70104&docId=315892523&qb=67O17Ya1&enc=utf8&section=kin.qna&rank=63&search_sort=0&spq=0,1,혈변 복통 구토,삼일전부터 변을보면 피하고같이나오는데 변기가 핏물이 물감풀어논것처럼 엄청찐한색으로 가득하고 어제는새벽에 복통도너무심하고 미슥거리는거심하다가 구토까지하고 계속그뒤로도 속이미슥거리는데 서울대항병원갓더니 치질끼살짝잇다고만해주고 나이가아직 그런 나이가아니라고  내과는검사를 제대로 안해주더라구요 이상없는거겟죠?>,"안녕하세요. 대한의사협회·네이버 지식iN 상담의사 이무혁 입니다.- 지금 문제는 치질이 아니고..     여러가지로 미루어 위장관 문제입니다 . - 복통 + 오심 + 진한 출혈입니다.     치질출혈은 선홍색이므로   피가 진하다면 식중독..? 등으로 인한 심한 장염증세입니다.- 절대 금식해야 하고      호전되지 않으면 큰 병원에 가야합니다.  알아두세요!  1.질문자의 정보 참조 용도로 활용 가능하며, 정확한 개인 증상 파악은 의료 기관 내방을 통해 진행하시기 바랍니다. 2.상담의사의 최종적인 의학적 소견을 나타낸 것이 아니며, 답변을 제공한 개인 및 사업자의 법률적 책임이 없음을 알려드립니다. 3.시의적, 물리적 환경에 따라 변경된 의학적 이견을 가질 수 있으며, 의학적 소견이 상이한 여러 의견을 모두 수렴하지는 않습니다. 위 답변은 답변작성자가 경험과 지식을 바탕으로 작성한 내용입니다. 포인트로 감사할 때 참고해주세요.   2018.12.06."
63,복통,https://kin.naver.com/qna/detail.nhn?d1id=7&dirId=7011403&docId=327612014&qb=67O17Ya1&enc=utf8&section=kin.qna&rank=64&search_sort=0&spq=0,1,피임약을 복용중인데 복통과 출혈이 있어요작년에 에이리스랑 라니아를 복용하다가 반년정도 쉬고디어미 라는 피임약을 복용하는데 계속 생리통처럼 복통이 있었고 오늘아침에는 피가 났어요ㅠㅠ 작년에 다른 약을 먹을땐 이런일이 없엇는데 ㅠㅠ 이제 디어미 6알 남았는데 부작용인가요ㅠㅠ??,,안녕하세요. 하이닥-네이버 지식iN 산부인과 상담의 한상훈 입니다.   부작용이라기 보다는 호르몬에 의한 일시적인 출혈입니다.  소독 및 염증약 드세요.    도움이 되셨기를 바랍니다. 감사합니다.
64,복통,https://kin.naver.com/qna/detail.nhn?d1id=7&dirId=7010102&docId=328848896&qb=67O17Ya1&enc=utf8&section=kin.qna&rank=65&search_sort=0&spq=0,1,식후 복통,"아침엔 괜찮은데요, 점심때쯤부터 복통이 오기시작합니다5일전부터 그랬는데요, 항상 아침은 밥먹어도 괜찮았고 점심먹기 전이나,점심먹고나서 복통이 왔어요변비,설사,구토,혈변,식욕부진 같은 증상은 하나도없습니다.배꼽쪽에 복통이 반복적으로 왔어요.약간 체한듯한 얹힌듯한 느낌이었고 꾹 누르는것처럼 배아 아픕니다오늘은 아침 안먹고 점심도 계란1개 먹었을때 괜찮았고, 아이스마끼아또 편의점거 커피 쭉쭉 들이켰더니복통이 잠깐 쎄게 왔었다가 괜찮아졌구요, 저녁때 죽 1개랑 주먹 반 만한 크기 빵 3개 를 천천히 먹었는데복통은 없습니다. 부드러운걸 먹어서그런건지 아침점심을 적게먹어서그런건지 오늘은 크게 복통은거의 없었어요.여튼 이런증상이 어떤 병과 유사한지 알수있을까요??",안녕하세요. 하이닥-네이버 지식iN 상담의 현일식 입니다.
65,복통,https://kin.naver.com/qna/detail.nhn?d1id=7&dirId=70104&docId=326298593&qb=67O17Ya1&enc=utf8&section=kin.qna&rank=66&search_sort=0&spq=0,1,이유모를복통,"과식후 3일동안 배가 변마려운것럼 아프고(아팠다안안팠다반복,밥먹은후 더아픔) 오줌눌때 느낌이 약간 고통스러운느낌이 있고 그런증상이 지속되고있습니다.(변비아님 변은1일1번쌈) 그리하여 배고파도 식사가 두렵네요.복통을 멈추게하는 방법이 무엇인가요?","안녕하세요. 하이닥-네이버 지식iN 상담의 심원섭 입니다. 약물치료가 좋으실 것 같습니다. 정장제, 지사제,진경제 등 일시적으로 증상을 좋아지게 하시는 약을 복용후 소화잘되는 음식(유동식)으로 드시면서 경과를 보시면 좋아지시는 경우가 대다수 입니다. 많이 불편하시면 진료를 받아 보시기 바랍니다."
66,복통,https://kin.naver.com/qna/detail.nhn?d1id=7&dirId=7010102&docId=331616483&qb=67O17Ya1&enc=utf8&section=kin.qna&rank=67&search_sort=0&spq=0,1,긴장풀리면 복통이 와요,발표같은게 있을때 긴장하고 있다가 발표할때는 아무렇지 않은데긴장이 풀리면 그때부터 윗배가 뒤틀리듯이 아프고 약간 더부룩하네요 뭐가 문제인가요 소화제를 먹으면 괜찮을까요,장이 약한 것 같은데요 장염이 있거나 긴장으로 인해 복통이 올 수 있는데 소화제랑은 상관이 없고 장에 좋은 영양제나 장에 좋은 음식을 섭취하시기 바랍니다
67,복통,https://kin.naver.com/qna/detail.nhn?d1id=7&dirId=70101&docId=315222315&qb=67O17Ya1&enc=utf8&section=kin.qna&rank=68&search_sort=0&spq=0,1,"갑자기 급 복통과 설사마려움, 어지러움, 토할것같은 느낌, 눈 앞이 캄캄해지고 손발 저림, 아주 잠깐 기절했다 깨어났는데 왜그런거죠...?제가 몇년 전에 2-3번정도 다이어트했을때 지하철에서 2번 목욕탕에서 1번 그랬던 적이 있거든요막상 화장실에가면 변과 토도 안나옵니다 ㅠㅠ위,장에 문제가 있는건가요..? 항상 이런 느낌이 들때 위가 안좋았었거든요..지금은 다이어트를 하지 않는데정말 오랜만에 또 같은 느낌을 받았어요ㅠㅠ갑자기 배가 아프더니 토할것같고 느낌이 쎄하더라구요화장실갔다 잠깐 쉬니까 확 괜찮아 지긴 했는데병원에 가봐야하나여?ㅠㅠ",,"안녕하세요. 하이닥-네이버 지식iN 상담의 김무웅 입니다. 복통으로 인해서 일시적으로 미주신경 실신이 가장 의심이 됩니다.그래도 의식을 잃는 증상, 눈 앞이 컴컴해지면서 쓰러질 것 같은 증상이 반복되면심장 및 뇌혈관 등도 같이 검사 해보는게 좋겠습니다.감사합니다.  알아두세요!  1.질문자의 정보 참조 용도로 활용 가능하며, 정확한 개인 증상 파악은 의료 기관 내방을 통해 진행하시기 바랍니다. 2.상담의사의 최종적인 의학적 소견을 나타낸 것이 아니며, 답변을 제공한 개인 및 사업자의 법률적 책임이 없음을 알려드립니다. 3.시의적, 물리적 환경에 따라 변경된 의학적 이견을 가질 수 있으며, 의학적 소견이 상이한 여러 의견을 모두 수렴하지는 않습니다. 위 답변은 답변작성자가 경험과 지식을 바탕으로 작성한 내용입니다. 포인트로 감사할 때 참고해주세요.   2018.11.27."
68,복통,https://kin.naver.com/qna/detail.nhn?d1id=7&dirId=70114&docId=326872382&qb=67O17Ya1&enc=utf8&section=kin.qna&rank=69&search_sort=0&spq=0,1,"가임기 가슴통증,복통이 정상인가요?최근생리는 4월27~5월4일까지구요 관계는 생리중에 한번 끝나는날에 질외사정으로 했습니다그런데 몇일전부터 마치 생리하기 전 증상처럼 가슴이 아프고 아랫배가 묵직하며,냉 증가 메스꺼움 등 증상이 나타납니다..지금이 가임기 이긴한데 이런 증상이 정상인가요?임신증상이 이렇게 빨리 나타나지는 않죠?",,"안녕하세요. 하이닥-네이버 지식iN 상담의 최동석 입니다.   가임기에 나타날 수 있는 증상에 대해 문의를 주셨네요. 답변을 드리겠습니다.   가임기에 냉이 증가하는 것은 대표적인 증상입니다. 그리고 경우에 따라 가슴 통증이나 팽창, 아랫배 통증 등의 증상이 나타나기도 합니다. 그렇기 때문에 질문자님의 경우 가임기의 정상적인 증상인 것으로 예상됩니다.   시기적으로나 확률적으로 임신 가능성은 낮을 것으로 예상되지만 100% 피임은 없기 때문에 임신 관련 증상이 보이신다면 관계 후 2주가 지난 시점에 테스트를 해 보실 것을 권유드립니다.   또한 임신이 아니더라도 위의 증상이 지속되거나 더 심해지시는 경우라면 질염, 자궁난소의 질환 등을 의심해 볼 수 있기 때문에 만일 일주일 이상 지속되고 통증이 심해지신다면 산부인과에 내원하셔서 검사를 받아 보시기를 권유드립니다.   감사합니다."
69,복통,https://kin.naver.com/qna/detail.nhn?d1id=7&dirId=7010102&docId=323665716&qb=67O17Ya1&enc=utf8&section=kin.qna&rank=70&search_sort=0&spq=0,1,"속이울렁거림, 복통, 관자놀이진통, 설사, 무슨증상인가요",5일전부터 관자놀이쪽 진통이 심하구 속이울렁거리면서 복통도 느끼고 설사도 매일하고있습니다ㅠㅠ매일 술먹고 난 다음날 증상처럼 어지럽고 매스껍고 그런데 도대체 왜 이런거죵평소에 커피도 즐겨마시는편인데 커피만봐도 속이 울렁거려요ㅠㅠ,"안녕하세요. 하이닥-네이버 지식iN 상담의 김무웅 입니다.두통, 복통, 설사, 울렁거림 증상을 종합하였을 때는 장염 가능성이 매우 높아 보입니다.증상이 지속된다면 인근 병/의원에서 신체검진 및 진료 상담 받아보고 처치 등을받아보는게 좋겠습니다.감사합니다.  알아두세요!  1.질문자의 정보 참조 용도로 활용 가능하며, 정확한 개인 증상 파악은 의료 기관 내방을 통해 진행하시기 바랍니다. 2.상담의사의 최종적인 의학적 소견을 나타낸 것이 아니며, 답변을 제공한 개인 및 사업자의 법률적 책임이 없음을 알려드립니다. 3.시의적, 물리적 환경에 따라 변경된 의학적 이견을 가질 수 있으며, 의학적 소견이 상이한 여러 의견을 모두 수렴하지는 않습니다. 위 답변은 답변작성자가 경험과 지식을 바탕으로 작성한 내용입니다. 포인트로 감사할 때 참고해주세요.   2019.03.21."
70,복통,https://kin.naver.com/qna/detail.nhn?d1id=7&dirId=7010102&docId=325291612&qb=67O17Ya1&enc=utf8&section=kin.qna&rank=71&search_sort=0&spq=0,1,복통과 토할거 같은 증세는 어디 과로 가야 하나요?며칠 동안 아파서 시간내서 내일 가보려는데 내과 가면 되나요?,,"안녕하세요. 하이닥-네이버 지식iN 상담의 정세진 입니다.일반적으로 복통/구토/구역 등을 동반하는 경우에는 내과에 내원해서 진찰을 받아 보면 되겠습니다 .  알아두세요!  1.질문자의 정보 참조 용도로 활용 가능하며, 정확한 개인 증상 파악은 의료 기관 내방을 통해 진행하시기 바랍니다. 2.상담의사의 최종적인 의학적 소견을 나타낸 것이 아니며, 답변을 제공한 개인 및 사업자의 법률적 책임이 없음을 알려드립니다. 3.시의적, 물리적 환경에 따라 변경된 의학적 이견을 가질 수 있으며, 의학적 소견이 상이한 여러 의견을 모두 수렴하지는 않습니다. 위 답변은 답변작성자가 경험과 지식을 바탕으로 작성한 내용입니다. 포인트로 감사할 때 참고해주세요.   2019.04.15."
71,복통,https://kin.naver.com/qna/detail.nhn?d1id=7&dirId=7010102&docId=312629529&qb=67O17Ya1&enc=utf8&section=kin.qna&rank=72&search_sort=0&spq=0,1,"이틀 전 부터 머리에 열이나면서 복통 , 설사가 반복되다가 지금은 열은 가라앉은 상태이고 설사도 원래는 십분에 한번씩 가는꼴로 계속 갔다가 가는 속도는 낮아졌는데 아직 배는 여전히 아프네요 ㅠㅠ 콕콕 찌르는거 같고 .. 어제 너무 아파서 병원에서 진료받았는데 장염이라고 그러더라고요 그래서 약을 타와서 먹었는데 설사 색이 갈색이였던 거 같은데 오늘 보니까 초록색이에요 왜그런건지 알수 있을까요 제가 인터넷으로 원인을 검색해봤는데 어디서는 호전되고있는거라하고 어디서는 병원을 가봐야할거같다고 다 말이 다르더라고요 정확하신 분만 답 부탁드려요 ㅠㅠㅠㅠ",,"안녕하세요. 하이닥-네이버 지식iN 상담의 김무웅 입니다.대변 색상으로는 진단 내리기가 어렵습니다.음식물의 영향도 있고, 소화액등으로 인한 대변 색상 변화도 있습니다.대변 색으로 호전 여부를 판단하기 보다는본인의 복통 주기, 강도, 무른변 횟수/양 등이 호전되고 있으면 호전된다고 생각하는게 좋겠습니다.감사합니다.   #지식인카드 #지식인카드답변 #플레이스URL   알아두세요!  1.질문자의 정보 참조 용도로 활용 가능하며, 정확한 개인 증상 파악은 의료 기관 내방을 통해 진행하시기 바랍니다. 2.상담의사의 최종적인 의학적 소견을 나타낸 것이 아니며, 답변을 제공한 개인 및 사업자의 법률적 책임이 없음을 알려드립니다. 3.시의적, 물리적 환경에 따라 변경된 의학적 이견을 가질 수 있으며, 의학적 소견이 상이한 여러 의견을 모두 수렴하지는 않습니다. 위 답변은 답변작성자가 경험과 지식을 바탕으로 작성한 내용입니다. 포인트로 감사할 때 참고해주세요.   2018.10.22."
72,복통,https://kin.naver.com/qna/detail.nhn?d1id=7&dirId=70113&docId=322095876&qb=67O17Ya1&enc=utf8&section=kin.qna&rank=73&search_sort=0&spq=0,1,"방광염인데 복통이 있어요저희 엄마가 44세 방광염에 걸리셨는데약도 챙겨먹고, 술 끊고 크랜베리 주스 자주 마시고관리하고 계세요근데 어젯밤부터 계속 허리가 아프다고 하시다가지금은 아랫배가 너무너무 아프다고 하시는데ㅠㅠ방광염이랑 연관이 있을까요병원을 한 번 더 내원해야할까요???불안해요ㅠㅠ선생님들",,"안녕하세요. 하이닥-네이버 지식iN 상담의 서주완 입니다.질문 내용만으로 진료를 보지 않고 정확한 병명 확인은 어렵습니다.먼저 방광염은 방광에 세균, 바이러스 등에 의해 염증이 나타나는 질환으로여성의 경우 호르몬인 에스트르겐 분비가 감소하면서 대장균의 과증식을막지 못해 방광염이 발생할 수도 있습니다.물로 방광염 확인을 위해서는 진료가 필요합니다.여성이 남성에 비해 요도의 길이가 짧고 외음부에 요도구가 위치하고 있어질과 항문의 분비물로 오염 될 확률이 쉽기 때문에 방광염이 빈번하게 나타날 수 있습니다.수분섭취를 하루 6잔~8잔의 물을 마셔서 소변을 자주 배출하시고, 스트레스나면역저하 등에 신경쓰는 것이 도움이 됩니다.증상이 지속되신다면 어떤 질환인지 여부 확인을 위해가까운 병원에 내원하시어 전문의 진료 및 검사, 소견을 들어보시길 권유드립니다.답변이 도움이 되었으면 합니다.감사합니다.            서주완      비뇨의학과 전문의      골드만비뇨기과의원(강남점)  02-556-7533   학력/자격 : 연세대학교 의과대학 졸업 전공 : 남성의학, 비뇨기 종양, 소아 비뇨기과, 요로계 질환, 여성비뇨기과      예약     홈페이지     위치       알아두세요!  1.질문자의 정보 참조 용도로 활용 가능하며, 정확한 개인 증상 파악은 의료 기관 내방을 통해 진행하시기 바랍니다. 2.상담의사의 최종적인 의학적 소견을 나타낸 것이 아니며, 답변을 제공한 개인 및 사업자의 법률적 책임이 없음을 알려드립니다. 3.시의적, 물리적 환경에 따라 변경된 의학적 이견을 가질 수 있으며, 의학적 소견이 상이한 여러 의견을 모두 수렴하지는 않습니다. 위 답변은 답변작성자가 경험과 지식을 바탕으로 작성한 내용입니다. 포인트로 감사할 때 참고해주세요.   2019.02.26."
73,복통,https://kin.naver.com/qna/detail.nhn?d1id=7&dirId=7010102&docId=325033712&qb=67O17Ya1&enc=utf8&section=kin.qna&rank=74&search_sort=0&spq=0,1,"현재 태국 여행중이구요 복통과 설사(녹색물변) 이 심해서 현지 병원에 갔더니 buscopan, motilium, paracetamaol, omnicef , 그리고 전해질가루 같은거 하나 받았어요 그런데 설사가 줄지가 않고 더심하네요 (하루에10회이상) 이약들이랑 제가 가지고 있는 지사제(로이디펜) 같이 먹어도 될까요?",,"안녕하세요. 하이닥-네이버 지식iN 상담의 김무웅 입니다.질문자님이 적어준 그 약은 조금 더 효과가 강한 지사제 입니다다만 발열이 있고 복통이 매우 심하다면 염증성 설사 가능성이 있어서복용하지 않기를 권유드립니다.감사합니다.  알아두세요!  1.질문자의 정보 참조 용도로 활용 가능하며, 정확한 개인 증상 파악은 의료 기관 내방을 통해 진행하시기 바랍니다. 2.상담의사의 최종적인 의학적 소견을 나타낸 것이 아니며, 답변을 제공한 개인 및 사업자의 법률적 책임이 없음을 알려드립니다. 3.시의적, 물리적 환경에 따라 변경된 의학적 이견을 가질 수 있으며, 의학적 소견이 상이한 여러 의견을 모두 수렴하지는 않습니다. 위 답변은 답변작성자가 경험과 지식을 바탕으로 작성한 내용입니다. 포인트로 감사할 때 참고해주세요.   2019.04.11."
74,복통,https://kin.naver.com/qna/detail.nhn?d1id=7&dirId=7011404&docId=328450292&qb=67O17Ya1&enc=utf8&section=kin.qna&rank=75&search_sort=0&spq=0,1,복강경 수술 3주 되었는데 복통 하혈,자궁 난소 물혹으로 복강경 수술 3주 되었는데 복통 하혈 있습니다정상인가요? ㅠ 오른쪽 낭종쪽이 아파요...냉이랑 맑은 피가 같이 나오구요생리는 아닌 것 같은데요.자궁 난소에 낭종(물혹)으로 낭종 제거 수술 했습니다.제거 수술로 오른쪽은 난소가 95%가 있구요왼쪽은 100%가 있다고 해요.근데 너무 오른쪽이 아프네요.처방약은 70% 정도는 다 먹었는데 나머지 30%은 먹다 안 먹다 했어요 이것 때문인지 지금 아파서 걱정됩니다,안녕하세요. 하이닥-네이버 지식iN 산부인과 상담의 한상훈 입니다.   난소 수술의 경우 호르몬 이상이 일시적으로 와서 부정출혈이 있을 수 있습니다.  통증의 경우는 담당선생님과 상의하여 약 추가 처방 받으세요.    도움이 되셨기를 바랍니다. 감사합니다.
75,복통,https://kin.naver.com/qna/detail.nhn?d1id=7&dirId=70122&docId=335242100&qb=67O17Ya1&enc=utf8&section=kin.qna&rank=76&search_sort=0&spq=0,0,스트레스성 복통,저녁에 스트레스성 복통이 일어나서 응급실 가면 진통제 같은 것 맞고 자고 가게 해주나요?ㅜㅜ 아이가 가끔 그래서 어떻게 대처해야할지 되도록 빨리 알려주세요~ㅠㅠ 내공 40이요.,응급실에서 수액 치료가 필요하다면 2~4시간 정도 맞아야 할수 있으니 그때 쉴수는 있습니다 복통이 있다고 수액을 처방하지 주사나 약으로 처방할지는 상태를 봐서 처방될 부분이라 무조건 맞을수 있다 볼수 없습니다
76,복통,https://kin.naver.com/qna/detail.nhn?d1id=7&dirId=70401&docId=331214612&qb=67O17Ya1&enc=utf8&section=kin.qna&rank=77&search_sort=0&spq=0,1,니메겐 복용후 복통,니메겐이라는 피부과에서 처방 받은 약을 2일째 먹고 있는데 먹고 나서 2~3시간 후부터 윗배가 심하게 아파요.. 뭔가가 뒤틀린 느낌으로 아파요ㅠㅠㅠㅠ 당장 복용 중단해야하는걸까요? 지금 생리중인데 복용해서 아픈건가요..?,"약 복용 후 정확하게 복통이 일어난다면, 약을 바꾸시는 쪽으로 생각하시는 것이 맞습니다. 최내한 빨리 병원 재방문하시어 교체 혹은 조절 부탁드립니다!"
77,복통,https://kin.naver.com/qna/detail.nhn?d1id=7&dirId=70113&docId=326696548&qb=67O17Ya1&enc=utf8&section=kin.qna&rank=78&search_sort=0&spq=0,1,새벽에 복통이 와서 잠에서 깼는데 시간이 갈수록왼쪽아랫배와 허리쪽도 아파오고 요도가 시큰한게 느껴져서 화장실도 계속왔다갔다했어요 예전에 결석이 생긴적이 있는데 증상은 그 느낌이고 요도끝이 찡한게..요로결석인가 싶구요...화장실에서 소변 보다가 갑자기 괜찮아져서 다시 잠잘수있었는데 결석이 소변을 통해 나온건가요?! 변기를 보니 뭔가 이물질이 나온거같긴한데...현재는 괜찮은데 병원가봐야 할가요?!,,"안녕하세요. 하이닥-네이버 지식iN 상담의 이영진 입니다.   예, 요로결석의 가능성이 높습니다.   현재는 괜찮으셔도 비뇨기과 내원하셔서 정확한 진단을 받으시는 것이 좋겠습니다.   감사합니다."
78,복통,https://kin.naver.com/qna/detail.nhn?d1id=7&dirId=70104&docId=311525468&qb=67O17Ya1&enc=utf8&section=kin.qna&rank=79&search_sort=0&spq=0,1,"배에서 꾸르륵 소리, 복통",어제 점심 쯤 부터 화장실이 가고싶었는데 저녁을 6시반쯤에 먹고 중간에 구역질도 했고 밤 10시 반쯤에 화장실을 갔거든요근데 집와서 대변을 되게 많이 봤고 심지어 중간에 물까지 한번 더 내렸어요대변은 원래 평소처럼 나온게아니라 되게 토끼똥처럼 똥 똥 해서 나왔구요 .. (더럽긴한데 ..)근데 그러고나서 약간 통증이 느껴졌고 어쩌면 전부터 느낀걸수도 있겠지만하여튼 배고프지도않은데 계속 꾸르륵 거렸고 복통에 복부팽만감도 약간 들었구요핫팩 붙이면 어느정도 괜찮아져서 이틀 째 핫팩 붙이고 있네요이거 뭐죠 ㅜㅜ,"안녕하세요. 대한의사협회·네이버 지식iN 상담의사 이무혁 입니다.- 배가 불편하고 가스, 복통은     거의가 음식물에서 기인하는 배탈입니다. - 그 전에 뭘 섭취하였는지 잘 헤아려보고..      조심하면 됩니다.- 우선 잘 낫으려면 1-2끼 금식하는 것이 빠릅니다. - 금식동안에 허기지면 수분보층 위해서 링겔 대용으로       보리차 + 설탕 약간 + 소금 미량 = 3가지 끓인 보리차를  조금씩 섭취합니다.  알아두세요!  1.질문자의 정보 참조 용도로 활용 가능하며, 정확한 개인 증상 파악은 의료 기관 내방을 통해 진행하시기 바랍니다. 2.상담의사의 최종적인 의학적 소견을 나타낸 것이 아니며, 답변을 제공한 개인 및 사업자의 법률적 책임이 없음을 알려드립니다. 3.시의적, 물리적 환경에 따라 변경된 의학적 이견을 가질 수 있으며, 의학적 소견이 상이한 여러 의견을 모두 수렴하지는 않습니다. 위 답변은 답변작성자가 경험과 지식을 바탕으로 작성한 내용입니다. 포인트로 감사할 때 참고해주세요.   2018.10.08."
79,복통,https://kin.naver.com/qna/detail.nhn?d1id=7&dirId=7010102&docId=336511380&qb=67O17Ya1&enc=utf8&section=kin.qna&rank=80&search_sort=0&spq=0,0,잦은 설사 (고열 복통 두통 X),"3일전제돼지껍데기, 탄산, 2일전에는 아침에 피자,파스타 등 먹고난뒤 물설사를 계속하내요 어제 아침점심 굶고 괜찮은거 같아서 저녁을 먹었는데 오늘 아침에 물설사를 했습니다고열 복통 두통은 전혀 없고, 왼쪽 배가 찌릿찌릿한 느낌만 있네요ㅜㅜ","갑자기 발생한 설사라면 세균성 장염으로 보이네요   이럴 경우에는 병원 가서 진찰 받으셔야 합니다   의사쌤들이 거의 스맥타를 처방을 해주실 겁니다   단순히 트러플에 의한 장누수라면 로페라미드 loperamide 계열의   지사제가 좋구요 (장관 운동 조절제)    그거 먹고 공복으로 버티시구 따뜻한 보리차 드세요   차고 밀가루, 기름진 음식은 당분간 거르세요"
80,복통,https://kin.naver.com/qna/detail.nhn?d1id=7&dirId=70101&docId=328834490&qb=67O17Ya1&enc=utf8&section=kin.qna&rank=81&search_sort=0&spq=0,1,"복통, 발열, 두통, 근육통이 동시에 있습니다.안녕하세요 제가 수요일에 의심가는 식품을 먹은 후목요일에 복통이 있다가 금요일부터 발열이 심해지더니어제 38.9도까지 열이 올라 군병원에서 진료를 받았습니다.군병원에선 위염인 것 같다는데, 위염이 이렇게 고열이 오래가는건 처음 듣는 이야기라..부모님이 만성 위염이신데 고열이신 적은 본 적이 없었기도 하고요어쨌든 수액 맞고 약먹었는데 오늘 다시 열이 38.6도로 올라가버리고 복통과 두통도 아직 여전합니다.근데 장염이라기엔 설사는 금요일밖에 안 했고, 보통 장염이면 아랫배가 아프다는데 전 윗배가 아프다는점그리고 그냥 배가 아픈게 아니라 자세를 바꾸는 등 움직일 때 주로 아프다는 점입니다.민간에 계신 의료 전문가들의 고견을 듣고 싶습니다...",,안녕하세요. 원자력병원-네이버 지식iN 상담의사 한철주 입니다. 식중독(급성 위장관염)이나 장티브스 같은 병들을 의심해 볼 수 있습니다. 통상 위장관염은 3-4일 정도 치료 받으면 완화되는 경우가 많은데 이 기간이 지나도록 열이 지속되고 몸이 불편하시다면 소화기내과 진료를 받아 보시는 것이 좋겠습니다.
81,복통,https://kin.naver.com/qna/detail.nhn?d1id=7&dirId=7010102&docId=318821603&qb=67O17Ya1&enc=utf8&section=kin.qna&rank=82&search_sort=0&spq=0,1,배꼽 위로 쥐어짜는 복통이 3~4시간 간격으로 있습니다. 물설사가 나오고 배에서 꾸룩꾸룩 소리가 계속 납니다. 가스도 나오는데 장꼬인게 맞는지요? 10년전 소장절제술도 했습니다. 가스 나오면 장꼬인게 아니라고 하던데 맞는지요? 외국에 있어서 병원가기가 힘듭니다. ㅜㅜ,,"안녕하세요. 하이닥-네이버 지식iN 상담의 윤성환 입니다.간헐적인 복통이 있습니다. 복통은 장운동때문에 생기는 것 같습니다. 소장절제술 받은적이 있으니 어느정도의 유착은 있을 수 있습니다. 복부수술후 통증이 주기적으로 생기는 것은 유착으로 인한 장운동 때문일 가능성이 높습니다.변이나 가스가 나오고 있으니 완전 폐색은 아니고 부분적으로 불편한 정도 있는 듯합니다.증상이 심하지 않으실때는 통증이 있을때 진경제를 드시면 도움이 되고  증상이 심해지거나 복부팽만감이 생기고 가스가 나오지 않으면 병원에 가셔야 합니다.감사합니다.            윤성환      외과 전문의      신남S항외과의원 053-710-0907   학력/자격 : 정맥류 연구회 전공 : 대장항문외과      예약     홈페이지     위치       알아두세요!  1.질문자의 정보 참조 용도로 활용 가능하며, 정확한 개인 증상 파악은 의료 기관 내방을 통해 진행하시기 바랍니다. 2.상담의사의 최종적인 의학적 소견을 나타낸 것이 아니며, 답변을 제공한 개인 및 사업자의 법률적 책임이 없음을 알려드립니다. 3.시의적, 물리적 환경에 따라 변경된 의학적 이견을 가질 수 있으며, 의학적 소견이 상이한 여러 의견을 모두 수렴하지는 않습니다. 위 답변은 답변작성자가 경험과 지식을 바탕으로 작성한 내용입니다. 포인트로 감사할 때 참고해주세요.   2019.01.15."
82,복통,https://kin.naver.com/qna/detail.nhn?d1id=7&dirId=7010102&docId=331271412&qb=67O17Ya1&enc=utf8&section=kin.qna&rank=83&search_sort=0&spq=0,1,복통은 없는 소화안되고 트름 호흡곤란,"옛날부터 복통은 없는데(손으로 꾹 누르면 아프긴함)소화가 안되는거처럼 답답하고 항상 트름을 엄청 많이하고 가스차있는거같고 가끔씩 소화가 안되는거처럼 느껴지니깐 호흡곤란도 생겨서 하품이나 한숨 쉬고 그래요  목 이물감두 있구요. 집중력.이해력도 매년 떨어지는거 같아요  또 술먹으면 다음날 무조건 설사같은 변을 봐요.  피자,치킨 같은거 먹으면 증상이 심해져서 거의 안먹어요어쩔때 식욕이 살아나면 잘먹고 조금 과식했다 싶으면 탈나서 식욕줄어들고 이것이 반복되는거같아요 그래서 그런지 살도 안찌구요...",안녕하세요. 하이닥-네이버 지식iN 상담의 현일식 입니다.
83,복통,https://kin.naver.com/qna/detail.nhn?d1id=7&dirId=7010102&docId=322731464&qb=67O17Ya1&enc=utf8&section=kin.qna&rank=84&search_sort=0&spq=0,1,유통기한지난 볶음밥 구토 복통,유통기한지난 볶음밥 먹고난후구토 복통증상있는데요 설사도 합니다냉동고에 언제부터 있었는지모른1년2년지난 냉동밥인데(지금보니4년..)그거먹고 15시간정도 지나니까자다가 배아파서 깼어요토할것같구요저희엄마가 유통기한개념이 너무없어요안버리고 자꾸멕이려고냉동고있던거나 끓이고데우면 낫는다고생각하는데유통기한지난음식을 냉동하거나 데우면 괜찮나요?세균이 없어지나요?이번기회에 말좀 제대로하고싶어요,"안녕하세요. 하이닥-네이버 지식iN 상담의 이상욱 입니다.그렇지 않습니다.유통기한이 지났다고 반드시 음식이 상한다는 것을 뜻하지는 않지만1~2년, 그것도 4년이나 지난 경우에는김치 묵혀 놓듯이 묵혀지지 않고오래된 경우 단순히 세균이 증식하는게 문제가 아니라음식 자체가 변질되는게 문제 입니다.우리가 음식을 먹는다는것은 단순히 배가 부르기 위함만은 아닙니다그런건 그냥 편의점에서 컵라면에 김밥만 먹어도배는 부를 수 있습니다하지만 우리는 음식을 통해 여러 영양소를 공급받고필요한 미네랄과 비타민등을 공급받게 됩니다.그런 면에서 이렇게 오래된 음식은 이런 영양소 공급에서도 문제가생길 수 있으며, 무엇보다, 지금 처럼 배탈이 나거나다른 건강상 문제를 일으킬 수 있습니다.그러므로 유통기한이 지나기 전에 드시고좋은 음식을 드시기 바랍니다.감사합니다.            이상욱  전문의      닥터킨베인의원 032-562-0002   학력/자격 : 연세대학교 의과대학 졸업 전공 : 건강증진의학, 비만노화방지      예약     홈페이지     위치       알아두세요!  1.질문자의 정보 참조 용도로 활용 가능하며, 정확한 개인 증상 파악은 의료 기관 내방을 통해 진행하시기 바랍니다. 2.상담의사의 최종적인 의학적 소견을 나타낸 것이 아니며, 답변을 제공한 개인 및 사업자의 법률적 책임이 없음을 알려드립니다. 3.시의적, 물리적 환경에 따라 변경된 의학적 이견을 가질 수 있으며, 의학적 소견이 상이한 여러 의견을 모두 수렴하지는 않습니다. 위 답변은 답변작성자가 경험과 지식을 바탕으로 작성한 내용입니다. 포인트로 감사할 때 참고해주세요.   2019.03.07."
84,복통,https://kin.naver.com/qna/detail.nhn?d1id=7&dirId=70104&docId=318720662&qb=67O17Ya1&enc=utf8&section=kin.qna&rank=85&search_sort=0&spq=0,1,대장암복통 온찜질 해도 되나요?복통은 몇기부터 발생하나요?,,"안녕하세요. 대한의사협회·네이버 지식iN 상담의사 성천기 입니다.대장암의 증상 발현은 언제 부터 온다라는 것은 없고요.암의 인한 통증을 말기 증상 입니다.사람에 따라서 아주 초기에도 암이 있는 부위의 통증이나 불편감을 느끼는 경우도 있기는 하더군요.복통이 있을시 온찜질은 도움이 되는 시술이며,암으로 인한 통증에는 의미가 없어 보입니다.참고가 되었으면 합니다.            성천기      대장, 항문 외과 전문의      항사랑병원 052-269-0975   학력/자격 : 인제대학교 의학박사 전공 : 대장항문외과      예약     홈페이지     위치       알아두세요!  1.질문자의 정보 참조 용도로 활용 가능하며, 정확한 개인 증상 파악은 의료 기관 내방을 통해 진행하시기 바랍니다. 2.상담의사의 최종적인 의학적 소견을 나타낸 것이 아니며, 답변을 제공한 개인 및 사업자의 법률적 책임이 없음을 알려드립니다. 3.시의적, 물리적 환경에 따라 변경된 의학적 이견을 가질 수 있으며, 의학적 소견이 상이한 여러 의견을 모두 수렴하지는 않습니다. 위 답변은 답변작성자가 경험과 지식을 바탕으로 작성한 내용입니다. 포인트로 감사할 때 참고해주세요.   2019.01.14."
85,복통,https://kin.naver.com/qna/detail.nhn?d1id=7&dirId=70401&docId=313952956&qb=67O17Ya1&enc=utf8&section=kin.qna&rank=86&search_sort=0&spq=0,1,회충약 복용후 자꾸 설사하구 복통이 있는데 이런 경우는 몸 안에 회충 또는 감염이 심해서 이런걸까요? 약은 젤콤 정으로 먹었구요 저녁 밥 먹구 난후 바로 복용 했어요 ㅠㅠ,,"안녕하세요. 네이버 지식iN 상담 약사 박기범 입니다.복통까지 있으면.. 특정성분이 안받는 것으로 보입니다.다음부터는 물약으로 되신것을 드시면 도움이 많이 되실것 같습니다 ^^문의에 도움이 되었기를 바랍니다.감사합니다.            박기범  약사      환승센터약국   항상 진지한 호랭이 약사입니다.      예약     홈페이지     위치       알아두세요!  1.질문자의 정보 참조 용도로 활용 가능하며, 정확한 개인 증상 파악은 의료 기관 내방을 통해 진행하시기 바랍니다. 2.본 답변은 약학적 정보에 기초한 답변으로, 의학적 진단을 대체하거나 질병의 근본적인 치료를 대신하지 못합니다. 3.상담약사의 최종적인 약학적 소견을 나타낸 것이 아니며, 답변을 제공한 개인 및 사업자의 법률적 책임이 없음을 알려드립니다. 4.시의적, 물리적 환경에 따라 변경된 약학적 이견을 가질 수 있으며, 약학적 소견이 상이한 여러 의견을 모두 수렴하지는 않습니다. 위 답변은 답변작성자가 경험과 지식을 바탕으로 작성한 내용입니다. 포인트로 감사할 때 참고해주세요.   2018.11.08."
86,복통,https://kin.naver.com/qna/detail.nhn?d1id=7&dirId=70113&docId=313037506&qb=67O17Ya1&enc=utf8&section=kin.qna&rank=87&search_sort=0&spq=0,1,고환 파열 일부 절제 후 복통3달전에 왼고환이 터져서 약 반가량을 절제 하는 수술을 받았습니다 수술후 왼쪽 복근이 땡기는 기분이랄까 일상생활에서 지속적으로 느껴집니다 .. 원래 다 그런가여? 가끔 불편할정도로 좌우 밸런스가 다릅니다,,"안녕하세요. 대한의사협회·네이버 지식iN 상담의사 황인성 입니다.질문자님을 직접 진료하고 수술한 것이 아니라 정확한 답변을 드릴 수 없다는 점 양해부탁드립니다.수술 후에 안정되지 않고 통증이 지속되어 일상생활에 불편을 느끼고 있다면주치의와 상담해보시는 것이 좋겠습니다.도움이 되는 답변이었으면 좋겠습니다. 감사합니다.            황인성      비뇨의학과 전문의      프라우드비뇨기과 02-543-0050   학력/자격 : 연세대학교 대학원 졸업 전공 : 남성의학, 비뇨기 종양, 소아 비뇨기과, 요로계 질환, 여성비뇨기과      예약     홈페이지     위치       알아두세요!  1.질문자의 정보 참조 용도로 활용 가능하며, 정확한 개인 증상 파악은 의료 기관 내방을 통해 진행하시기 바랍니다. 2.상담의사의 최종적인 의학적 소견을 나타낸 것이 아니며, 답변을 제공한 개인 및 사업자의 법률적 책임이 없음을 알려드립니다. 3.시의적, 물리적 환경에 따라 변경된 의학적 이견을 가질 수 있으며, 의학적 소견이 상이한 여러 의견을 모두 수렴하지는 않습니다. 위 답변은 답변작성자가 경험과 지식을 바탕으로 작성한 내용입니다. 포인트로 감사할 때 참고해주세요.   2018.10.29."
87,복통,https://kin.naver.com/qna/detail.nhn?d1id=7&dirId=70120&docId=319530719&qb=67O17Ya1&enc=utf8&section=kin.qna&rank=88&search_sort=0&spq=0,1,오늘 복통때매 병원에가서 엑스레이를 찍었는데 척추가 너무 휘어있더라구요. 밑에그림 보시면 노란게 허리면 검정선이 척추인데 진짜 저렇게 휘어있었어요.1. 오른쪽으로 휘어있었는데 휨의 원인이 궁금하고요2. 어떻게 똑바로 교정할수있는지 궁금합니다,,"안녕하세요. 대한의사협회·네이버 지식iN 상담의사 전평식 입니다.척추 측만증이 있으면 두 번에 걸쳐서 휘게 되는데한 번은 허리, 또 다른 것은 등에서 휩니다.그러면 근육의 높이가 달라지고 크기고 다릅니다. 어깨와 골반의 높이가 비대칭이 같이 올 수 있습니다. 또한 척추측만증이 생긴 원인을 담당 의사와 상의하여그것을 같이 교정하는 것이 중요합니다. 원인이1) 평발이면 신발의 내측 아치를 깔창이나 보조기로 올려주시고2) 다리 길이 차이가 나면 신발의 높이를 1/2 높여서 교정하시고3) 골반에서 원인이면 골반을 같이 교정해야 합니다.   이때 도수치료를 통하여 약한 근육은 강화시키고 강한 쪽으로 힘을 들 주도록하면서 위축된 근육의 유착 등을 풀어주면서 치료를 합니다. 각도가 매우 심한 경우는 수술도 고려해야 합니다. 그러므로 속단하시지 마시고 재활의학과에 방문하여 원인을 먼저 찾으십시오.   알아두세요!  1.질문자의 정보 참조 용도로 활용 가능하며, 정확한 개인 증상 파악은 의료 기관 내방을 통해 진행하시기 바랍니다. 2.상담의사의 최종적인 의학적 소견을 나타낸 것이 아니며, 답변을 제공한 개인 및 사업자의 법률적 책임이 없음을 알려드립니다. 3.시의적, 물리적 환경에 따라 변경된 의학적 이견을 가질 수 있으며, 의학적 소견이 상이한 여러 의견을 모두 수렴하지는 않습니다. 위 답변은 답변작성자가 경험과 지식을 바탕으로 작성한 내용입니다. 포인트로 감사할 때 참고해주세요.   2019.01.23."
88,복통,https://kin.naver.com/qna/detail.nhn?d1id=7&dirId=70102&docId=335459069&qb=67O17Ya1&enc=utf8&section=kin.qna&rank=89&search_sort=0&spq=0,1,코피두통복통,학교에서 있다가 코피가 갑자기 나길래 보건실가서 피 엄청 빠지고 나서 수업들어가고 하교하고 왔는데요 또 집에서 코피나고 머리뒤통수쪽아프고 배도 아픈거같아요 왜 이럴까요....?,안녕하세요. 하이닥-네이버 지식iN 상담의 최혁기 입니다.    영상답변드립니다.  감사합니다.
89,복통,https://kin.naver.com/qna/detail.nhn?d1id=7&dirId=70304&docId=326980753&qb=67O17Ya1&enc=utf8&section=kin.qna&rank=90&search_sort=0&spq=0,1,"서초 9/남 복통, 아이가 배가땡기고 가끔 아프다고 하네요.",안녕하세요9살된 남자어린이입니다.요새 며칠째 배가땡기고 아픈다고 그러네요 식사와 변은 보통때와 똑같은데 병원엘 가봐야 하는지 감기증상이 있는데 그것때문에 그런지 모르겠네요 답변부탁드립니다 ( 서초 소아/ 남 복통),"안녕하세요, 닥톡-네이버 지식iN 상담한의사 황만기입니다.일단 어린아이가 복통을 호소할 경우, 일반적으로 염두에 두어야 할 몇 가지 사항에 대해 말씀드리도록 하겠습니다.반복성복통을 일으키는 원인으로는 해부학적 장애, 전염성 질환, 비감염성 염증질환과 생화학적 장애 등을 들 수 있으나 대부분의 경우 특별한 원인을 찾을 수 없는 기능성 복통이 가장 흔한 것으로 알려져 있습니다.학동기 아동을 대상으로 한 조사에서 전체 학생의 10~15%에서 이런 반복성 복통이 있는 것으로 조사되었고 이 중 기능성 복통이 70~75%, 꾀병이 5%, 기질적 질환이 있는 경우가 5%로 조사되었습니다.이런 기능성 복통은 연령에 따라 증상이 변화되는데 영아기에는 영아산통으로, 보행기에는 비특이적 만성설사로, 청소년기에는 만성 반복성 복통으로 나타나고, 성인이 되어서는 비궤양성 소화불량이나 과민성 대장증후군 등으로 나타나게 됩니다.가능성이 높은 경우> 1. 체중 감소, 성장 장애 등이 있는 경우 2. 혈변을 보이는 경우 3. 배꼽으로부터 먼 부위의 통증 4. 잦은 구토 증세를 보이는 경우 5. 만성 설사의 소견을 보이는 경우 6. 통증으로 인해서 수면 장애가 있는 경우 7. 발병 연령이 5세 이하이거나 14세 이상인 경우 이상의 경우에서는 기질적 질환의 가능성이 높으므로 정밀 검사를 받아보는 것이 좋습니다.위에서 잠깐 언급되었지만 아이의 경우 다른 특별한 신체적 이상 징후가 발견되지 않고 있다면 일단은 기능성 복통일 가능성이 더 많다라고 생각됩니다.그래도 혹시 어머님께서는 파악하시기 힘든 다른 징후가 나타나고 있을지 모르기 때문에 가까운 소아과나 어린이전문한의원에 내원하셔서 담당 선생님과 상담을 의뢰하시는 것이 좋을 것으로 생각됩니다.또 가정에서는 따뜻한 물수건을 아이 배 위에 대 주시는 핫팩 요법을 시행하시고 배 근육 윗부분을 살살 쓰다듬어 주는 마사지를 열심히 해 주신다면 아이의 증세가 조금은 가벼워질 수 있을 것으로 생각됩니다.평소 배가 아프다는 이야기를 하지 않을 때에도 예방 차원에서 위의 방법들을 시행해 주신다면 복직근의 긴장상태를 풀어줄 수 있어 복통 예방에 대단히 좋을 것으로 생각됩니다.※ 전문가 답변은 가격안내, 홍보성 내용을 포함하지 않으며, 원문은 출처를 통해 확인할 수 있습니다.  출처http://www.doctalk.co.kr/counsel/view/c-rk5EBSE-Ks-N3Ce             황만기  한의사      아이누리한의원 서초점 02-3474-1075   학력/자격 : 경희대학교 한의과대학 동서의학대학원 졸업(한의학박사) 전공 : 한방소아청소년과      예약     홈페이지     위치       알아두세요!  1.질문자의 정보 참조 용도로 활용 가능하며, 정확한 개인 증상 파악은 의료 기관 내방을 통해 진행하시기 바랍니다. 2.상담의사의 최종적인 의학적 소견을 나타낸 것이 아니며, 답변을 제공한 개인 및 사업자의 법률적 책임이 없음을 알려드립니다. 3.시의적, 물리적 환경에 따라 변경된 의학적 이견을 가질 수 있으며, 의학적 소견이 상이한 여러 의견을 모두 수렴하지는 않습니다. 위 답변은 답변작성자가 경험과 지식을 바탕으로 작성한 내용입니다. 포인트로 감사할 때 참고해주세요.   2019.03.08."
90,복통,https://kin.naver.com/qna/detail.nhn?d1id=7&dirId=70104&docId=322533435&qb=67O17Ya1&enc=utf8&section=kin.qna&rank=91&search_sort=0&spq=0,1,"만 25세 여자고, 만 22세에 복통으로 대장내시경 했었는데 용종 4개, 그 중 하나는 선종이었어요. 그 이후로 내시경 잘 받다가 지금 안받은지 2년가량 지났구요.요즘 계속 복통이 있었고, 변 볼 때마다 검붉은색? 소량의 피가 섞여나오는 변을 몇 주 봤었어요. 항문에 통증은 없었고요. 변을 보고 닦을때도 아주 약간 피가 뭍어나오는 정도여서 별다른 걱정은 하지 않았어요. 근데 오늘 배가 아파서 화장실에 앉았는데 변은 나오지 않고 느낌이 좀 이상하기에 봤더니 진한 붉은색? 피로 변기가 피바다가 되어 있더라구요. 그리고 닦는데도 출혈이 멈추지 않고(생리대를 해야 할 정도로) 생리혈처럼 핏덩어리도 같이 나왔어요.. 치핵은 평소에도 약간 있는 정도지만 변비는 원래 없고, 요 근래 하루 1~2회 부드럽게 변 잘 봤었는데 갑자기 피가 너무 많이 나오니 당황스럽네요. 소화기 내과를 가야할까요 아니면 항문외과를 가야할까요.. 피는 왜 나온걸까요..",,"안녕하세요. 대한의사협회·네이버 지식iN 상담의사 성천기 입니다.님의 경우는 항문 출혈이며, 장 출혈은 아닙니다.용종이나 암의 출혈은 더욱아닙니다.선홍색 출혈이고 출혈의 양이 많은 것은 항문 출혈 입니다.항문 출혈의 99%는 치질에 위한 것이며, 통증이 없는게 특징입니다.일부 통증을 동반한 출혈은 항문이 찢어진 치열의 출혈입니다.변이 딱딱하면 생기는 일입니다.님의 경우는 아마도 치질이나 치열의 증상으로 판단되고요,배변후엔 반드시 온수 좌욕(3분정도)을 매일 해주시고,변을 묽게 편하게 보는 방법을 찾아서 실천해주세요.조기 치질은 수술 보다는 약물 치료 임을 참고하시기 바랍니다.약물은 혈액 순환을 도와주는 디오스민 성분인 치센, 베니톨, 디오스민이 도움이 될 수 있습니다. 2주정도 해보세요. 그래도 안되면 항문 외과 치료가 필요합니다.            성천기      대장, 항문 외과 전문의      항사랑병원 052-269-0975   학력/자격 : 인제대학교 의학박사 전공 : 대장항문외과      예약     홈페이지     위치       알아두세요!  1.질문자의 정보 참조 용도로 활용 가능하며, 정확한 개인 증상 파악은 의료 기관 내방을 통해 진행하시기 바랍니다. 2.상담의사의 최종적인 의학적 소견을 나타낸 것이 아니며, 답변을 제공한 개인 및 사업자의 법률적 책임이 없음을 알려드립니다. 3.시의적, 물리적 환경에 따라 변경된 의학적 이견을 가질 수 있으며, 의학적 소견이 상이한 여러 의견을 모두 수렴하지는 않습니다. 위 답변은 답변작성자가 경험과 지식을 바탕으로 작성한 내용입니다. 포인트로 감사할 때 참고해주세요.   2019.03.05."
91,복통,https://kin.naver.com/qna/detail.nhn?d1id=7&dirId=7010102&docId=331583992&qb=67O17Ya1&enc=utf8&section=kin.qna&rank=92&search_sort=0&spq=0,1,"담낭제거 수술 후 복통, 소화불량이 계속됩니다.","안녕하세요~담석때문에 담낭을 제거한지 2년정도 된 20대 여자입니다.담석을 발견하기 전에도 소화불량, 복통이 잦았는데, 내시경을 해도 별 이상이 없다고 해서원인을 못찾다가 담석이 있다고 하여 담낭을 제거했습니다.그런데 담낭제거 수술을 받은 이후에도 계속 복통과 소화불량이 잦고, 배에 가스가 차는 현상, 변비 등소화기쪽 상태가 영 나아지지 않아 문의드립니다.수술 이후 검진에서 이상없다는 판정을 받았고, 담즙 분비가 제대로 안되니 식습관을 바꾸라는 말만계속되고 있습니다만 저는 과식을 하거나 지방을 많이 먹는 편이 아닙니다ㅠㅜ얼마전 메디락디에스 유산균을 한달 정도 먹었는데 가스차는 현상이나 변비는 아주 조금 나아졌지만복통은 그대로입니다.무슨 검사가 필요하고, 어떤 치료방법이 있는지 궁금합니다.",담낭 수술 부위에 특별한 이상이 없다면 상기 증상은 담낭이 원인이 아닌 위장관의 문제일 가능성이 있습니다. 소화기내과 진료 받길 바랍니다. 감사합니다.
92,복통,https://kin.naver.com/qna/detail.nhn?d1id=7&dirId=70115&docId=320129693&qb=67O17Ya1&enc=utf8&section=kin.qna&rank=93&search_sort=0&spq=0,1,탈장수술후복통,1년전에 맹장수수을하고난 후 배꼽주의에 볼록한것이 튀어나왔었지만1년동안 불편함없이 잘지내다 갑자기 복통이 와서 병원을 방문하니 복강경수술한 부위에서 탈장이 생겨 수술을 해야한다고 했습니다 그래서  탈장수술을하고 2주정도는 복통으로 좀 힘들긴 했지만 점차 가라앉았습니다  그런데  3주정도가 되어가는데 갑자기 며칠전부터 왼쪽 옆구리 쪽에서 통증을 느끼지 시작했습니다 처음에는 수술로 인한 복통으로 생각이 들었는데 점점 왼쪽 옆구리와 배쪽으로 복통이 심해졌다 괜찮아졌다를 반복합니다  혹시나 탈장 부분에 막이 염증이 생겨서 그런가도 생각했는데 염증이 생기면 열이나고 구토가 발생한다고 하지만 전 구토나 열은 나지 않고 복통만 반복적으로 생기네요 혹시 인공막이 저에게 안맞는걸까요? 아니면 탈장후에 복통이 오래가는건가요? 다시 수술을 하게 될까봐 답답한 마음에 글을 올려봅니다,"안녕하세요. 하이닥-네이버 지식iN 상담의 심원섭 입니다. 수술후 장의 위치가 바뀌거나 장의 연동운동기능이 방해를 받아 장기능이 떨어지면서 장에 가스가 차고 이로 인해 장관팽창이 일어나 통증이 발생할 수 있습니다. 증상이 심하시면 진경제, 정장제나 가스제거제 등 약물치료를 받아 보시고 음식물 섭취도 유동식 등으로 소화잘 되는 식사를 해보시기 바랍니다.통증때문에 수술을 다시 하는 경우는 거의 없습니다.수술을 하더라도 재발이 아닌 이상 해줄 수술이 없습니다.장기능이 좋아지시려면 앞에 말한 증상치료와  음식물 조절, 적절한 보행운동 등이 도움이 됩니다.그래도 통증이 지속되시면 병원 진료를 받아 보시기 바랍니다. 치료 잘받으십시오.감사합니다.            심원섭      외과 전문의      건강한미래항외과의원 031-414-8275   학력/자격 : 건국대학교 의학전문대학원 외래 초빙 교수 전공 : 대장항문외과      예약     홈페이지     위치       알아두세요!  1.질문자의 정보 참조 용도로 활용 가능하며, 정확한 개인 증상 파악은 의료 기관 내방을 통해 진행하시기 바랍니다. 2.상담의사의 최종적인 의학적 소견을 나타낸 것이 아니며, 답변을 제공한 개인 및 사업자의 법률적 책임이 없음을 알려드립니다. 3.시의적, 물리적 환경에 따라 변경된 의학적 이견을 가질 수 있으며, 의학적 소견이 상이한 여러 의견을 모두 수렴하지는 않습니다. 위 답변은 답변작성자가 경험과 지식을 바탕으로 작성한 내용입니다. 포인트로 감사할 때 참고해주세요.   2019.02.04."
93,복통,https://kin.naver.com/qna/detail.nhn?d1id=7&dirId=70101&docId=322638227&qb=67O17Ya1&enc=utf8&section=kin.qna&rank=94&search_sort=0&spq=0,1,중3 변 검은색 및 불규칙적인 복통 어지러움,중3이되서 입시스트래스로 (예고쪽이라서 이런저런사정이) 인지 몰라도 4일전쯤부터 갑자기 복부부분 배꼽에서 왼쪽(자기 기준)이 쪼이듯이 아프다가 안아프다가를 하루에 그러더니 3일정도지난후에 병원을갔는데 스트래스성 위경련? 이라고 의사분이 진찰을해주셨고 약을먹은지 1일정도 지났지만 복통은그대로고 오늘 변을보니 검은색?과 갈색사이의 변이 나오더라고요 건강의 문제가있는건가요 최근 스트래스를 너무많이받아서 현기증이 오기도할정도였는데 뭐가문젠지  (다른문젠진몰라도 뒷목부분 부터 뒷머리? 부분이 찌릿찌릿해요) 혈압이좀 높은편이고요 평균보다 10정도? 높았던걸로기억해요 뭐가문젤까요,"안녕하세요. 하이닥-네이버 지식iN 상담의 심원섭 입니다.아직 약물치료의 효과가 덜나타난 것일 수 있으니 유동식(죽)이나 저잔사식이라 해서 속이 편해지는 식사를 하시는 것이 좋으실 것 같습니다.발병초기에는 1~2일 동안 절식으로 위를 비우게 한다.발병 2일째부터 소량의 물과 음료를 마시다가 적응도에 따라 섭취량 늘이기당질위주로 한 유동식을 공급하며 물리적 화학적 무자극 식사인 블랜드식을 섭취한다.☞식사처방의 예*저잔사식은 위장에 대한 저자극식 및 위산 분비를 억제하는 음식물 섭취하는데요.*식사 원칙은o 보리, 현미, 콩 등의 잡곡 대신 흰죽이나 유동식을 섭취한다.o 생야채, 해조류의 섭취를 제한한다.o 생과일 대신 과일통조림이나 과일쥬스를 마신다.o 육류와 가금류는 결체조직이 많은 부위를 피하고 연한 육류, 생선, 두부, 계란 등을 매끼 충분히 섭취한다.o 식욕이 저하된 경우에는 소량씩 자주 섭취한다.o 수분을 충분히 섭취한다.o 강한 향신료나 조미료의 사용을 제한한다.o 호두, 잣, 땅콩 등의 견과류와 참깨, 들깨 등의 종실류 섭취를 제한한다.o 유당불내증이 있는 경우 우유를 제한하고 그렇지 않은 경우 우유 및 유제품은 하루 2컵 이하로 제한한다.o 섬유소 함량은 1일 8-10g 이하로 한다.*유의사항o 오심과 구토, 식욕부진, 복부 팽만감, 상복부 통증, 피로감, 설사 증상이 가라앉고 차츰 회복기에 접어들 때에는 저잔사식에서 점차 정상식으로 옮겨가면서 통증이나 불편을 주는 식품만 선별적으로 제한하도록 한다.o 저 잔사식을 장기간 계속할 경우 정상적인 위장운동을 위축시키고 변비를 초래하며 증상을 악화시킬 수 있다.o 비타민 C, 엽산 및 무기질 등이 결핍될 수 있으므로 보충이 필요할 수 있다.약물치료와 병행해서 하셔야 회복이 빠르실 겁니다.변색이 진하게 보이는 경우도 많으나 완전 검은색이 아니라면 현재 장의 염증으로 그렇게 보이기도 하오니 치료를 잘 받으시고 차도가 없으시면 병원진료를 다시 보시고 치료 하시기 바랍니다.치료잘받으시고 건강빨리 회복하시기 바랍니다.감사합니다.            심원섭      외과 전문의      건강한미래항외과의원 031-414-8275   학력/자격 : 건국대학교 의학전문대학원 외래 초빙 교수 전공 : 대장항문외과      예약     홈페이지     위치       알아두세요!  1.질문자의 정보 참조 용도로 활용 가능하며, 정확한 개인 증상 파악은 의료 기관 내방을 통해 진행하시기 바랍니다. 2.상담의사의 최종적인 의학적 소견을 나타낸 것이 아니며, 답변을 제공한 개인 및 사업자의 법률적 책임이 없음을 알려드립니다. 3.시의적, 물리적 환경에 따라 변경된 의학적 이견을 가질 수 있으며, 의학적 소견이 상이한 여러 의견을 모두 수렴하지는 않습니다. 위 답변은 답변작성자가 경험과 지식을 바탕으로 작성한 내용입니다. 포인트로 감사할 때 참고해주세요.   2019.03.06."
94,복통,https://kin.naver.com/qna/detail.nhn?d1id=7&dirId=70104&docId=321048167&qb=67O17Ya1&enc=utf8&section=kin.qna&rank=95&search_sort=0&spq=0,1,저 치루가2번걸렸지만 설싸 복통 식욕감퇴드우그런거 아무것도없었는데 크론병인가요?,,"안녕하세요. 대한의사협회·네이버 지식iN 상담의사 이무혁 입니다.크론 병은    위장관의 염증성 질환 일종이므로       (일종의 자가 면역성 질환)    반드시 만성 설사, 복통이 동반되야 합니다.  알아두세요!  1.질문자의 정보 참조 용도로 활용 가능하며, 정확한 개인 증상 파악은 의료 기관 내방을 통해 진행하시기 바랍니다. 2.상담의사의 최종적인 의학적 소견을 나타낸 것이 아니며, 답변을 제공한 개인 및 사업자의 법률적 책임이 없음을 알려드립니다. 3.시의적, 물리적 환경에 따라 변경된 의학적 이견을 가질 수 있으며, 의학적 소견이 상이한 여러 의견을 모두 수렴하지는 않습니다. 위 답변은 답변작성자가 경험과 지식을 바탕으로 작성한 내용입니다. 포인트로 감사할 때 참고해주세요.   2019.02.13."
95,복통,https://kin.naver.com/qna/detail.nhn?d1id=7&dirId=70117&docId=329580845&qb=67O17Ya1&enc=utf8&section=kin.qna&rank=96&search_sort=0&spq=0,1,복통 원인을 모르겠습니다.누군가와 음식을 함께 먹었기에 그 음식들로 인한 복통은 아닌것 같습니다.현재 3주 가까이 복통에 시달리고 있습니다.배변은 평소와 같으며 배꼽 위~~ 가슴 명치 사이 부분에 통증이 느껴지고 배가 계속 차가운 상태입니다.주로 자고일어났을때 통증이 제일 심하며주기가 불분명하여 아팠다 안아팠다 하는데자다가 아파서 깰정도로 통증이 심할때도 있습니다.해당 증상에 대한 병명과 치료법 또는 해결방법을 알고 싶습니다.,,"안녕하세요. 대한의사협회·네이버 지식iN 상담의사 홍인표 입니다. 흔히보는증상은 아닙니다 내시경 초음파 혈액 검사가 필요할것같아요 진료받아보셔요            홍인표  전문의      닥터홍가정의학과의원 02-333-8842   학력/자격 : 전북대학교 의학과 졸업 전공 : 가정의학과      예약     홈페이지     위치       알아두세요!  1.질문자의 정보 참조 용도로 활용 가능하며, 정확한 개인 증상 파악은 의료 기관 내방을 통해 진행하시기 바랍니다. 2.상담의사의 최종적인 의학적 소견을 나타낸 것이 아니며, 답변을 제공한 개인 및 사업자의 법률적 책임이 없음을 알려드립니다. 3.시의적, 물리적 환경에 따라 변경된 의학적 이견을 가질 수 있으며, 의학적 소견이 상이한 여러 의견을 모두 수렴하지는 않습니다. 위 답변은 답변작성자가 경험과 지식을 바탕으로 작성한 내용입니다. 포인트로 감사할 때 참고해주세요.   2019.06.20."
96,복통,https://kin.naver.com/qna/detail.nhn?d1id=7&dirId=7010102&docId=323485003&qb=67O17Ya1&enc=utf8&section=kin.qna&rank=97&search_sort=0&spq=0,1,mri 이상없음이지만 복통이 있습니다.,안녕하세요. 갑상선 여포성 양성 종양 반절제 수술을 한 후 퇴원당일날 급성복통으로 응급실에 갔습니다.CT를 찍었고 당시 췌장쪽에 뭐가 보인다고 3차병원을 가보라고 해서 옮겼습니다.심한 복통은 가라앉았으나 왼쪽 배를 누를때 통증이 느껴지고 소화불량이 있습니다.음식물 섭취시 가끔식 윗배에 통증이 느껴지기도 하구요.MRI를 찍었지만 결과는 이상없음을 받았으나 여전한 통증으로 인해 3개월뒤 한번 더 검사를 받기로 했습니다.하지만 지속적인 약한 복통과 소화불량이 있어서 걱정이 되네요.CT와 MRI 찍은걸 다른 병원에 들고 가도 되나요?의사마다 CT나 MRI를 볼때 해석을 달리하기도 하나요?췌장쪽이라고 하니깐 괜히 더 불안해져서 지식인에 글씁니다.,"안녕하세요. 하이닥-네이버 지식iN 상담의 김무웅 입니다.큰 대학병원 등의 3차 의료기관에 가시면 가지고 온 영상을 다시 판독하곤 합니다.가지고 가셔도 됩니다. 다만 MRI에서 큰 이상 소견이 없었다면 실제 이상이 없을 확률이 높겠지만췌장에서 뭐가 보였다면 걱정이 많으실 것으로 생각되니 한 번 타병원도 같이가보는게 좋겠습니다.상복부 통증이 있으면 내시경도 같이 해보는게 좋겠습니다.감사합니다.  알아두세요!  1.질문자의 정보 참조 용도로 활용 가능하며, 정확한 개인 증상 파악은 의료 기관 내방을 통해 진행하시기 바랍니다. 2.상담의사의 최종적인 의학적 소견을 나타낸 것이 아니며, 답변을 제공한 개인 및 사업자의 법률적 책임이 없음을 알려드립니다. 3.시의적, 물리적 환경에 따라 변경된 의학적 이견을 가질 수 있으며, 의학적 소견이 상이한 여러 의견을 모두 수렴하지는 않습니다. 위 답변은 답변작성자가 경험과 지식을 바탕으로 작성한 내용입니다. 포인트로 감사할 때 참고해주세요.   2019.03.20."
97,복통,https://kin.naver.com/qna/detail.nhn?d1id=7&dirId=7010102&docId=311317280&qb=67O17Ya1&enc=utf8&section=kin.qna&rank=98&search_sort=0&spq=0,1,"제가 복통과 변비가 너무 심해서 이틀전 위 대장내시경을 받았고 검사 결과 깨끗하고 위 대장 모두 정상이라는 소견을 받았습니다.다만 의사선생님께서 다른 사람들 장과 다르게 장이 반대로 있고 각져 있어서 변비가 자주 오고 과민성대장증후군도 나타난다고 하더군요,,, 그럴 수 도 있는건가요 ㅠ 만약 그렇다면 변비를 줄일 해결 방법은 없는건가요그리고 내시경 받은 이후 평균적으로 언제 배변이 가능한가요? 또 내시경할때 가스를 주입해서 그런지 꼬르륵 소리와 함께 가스가 움직이는게 느껴지고 배꼽밑을 누르면 아파요 언제쯤 사라질까요",,"안녕하세요. 하이닥-네이버 지식iN 상담의 심원섭 입니다.내시경 후 통증은 하루 이틀이면 보통 없어지시니 염려 놓으시기 바랍니다.변비를 해결하는 방법은 하루이틀로 끝나는 것이 아닌 꾸준히 수개월간 노력해야 합니다.1. 식사를 많이 하고 규칙적으로 한다. 특히 보리밥이나 조, 옥수수, 콩을 넣은 밥을 많이 드셔야 합니다.2. 섬유소가 풍부한 음식을 섭취한다. 옥수수나 야채, 콩나물, 김치, 배추시레기국, 오렌지, 콩, 보리,냉이 등을 많이 섭취한다. 이러한 음식을 많이 먹지 못할때는 정제화된 섬유질을 복용한다.3. 물을 많이 먹는다. 물을 많이 마시면 대변속의 섬유질이 물을 많이 흡수하여 변이 부드러워진다.4. 매일 운동을 30분이상 한다. 유산소성 전신운동으로 뛰거나, 걷기를 하며, 복근운동 또는 항문 괄약근운동을 한다.5. 부득이한 경우 윤활제나 변완화제등을 사용하는데, 특히 자극성하제(비*코딜, 둘*락스, 알로에, 비*사이드)등의 장기간 복용은 장내 신경총을 억제하여 장의 무력증을 일으키므로 신중히 사용해야하고 이런 자극성 하제 보다는 팽창성하제(섬유질)와 염류하제가 더 좋습니다. 그리고 글리세린 등으로 관장시키는 것 또한 습관성이 될 수 있으므로 단기간만 사용해야 합니다꾸준히 노력하시면 좋아지실 겁니다. 항상 건강하시기 바랍니다. 감사합니다.            심원섭      외과 전문의      건강한미래항외과의원 031-414-8275   학력/자격 : 건국대학교 의학전문대학원 외래 초빙 교수 전공 : 대장항문외과      예약     홈페이지     위치       알아두세요!  1.질문자의 정보 참조 용도로 활용 가능하며, 정확한 개인 증상 파악은 의료 기관 내방을 통해 진행하시기 바랍니다. 2.상담의사의 최종적인 의학적 소견을 나타낸 것이 아니며, 답변을 제공한 개인 및 사업자의 법률적 책임이 없음을 알려드립니다. 3.시의적, 물리적 환경에 따라 변경된 의학적 이견을 가질 수 있으며, 의학적 소견이 상이한 여러 의견을 모두 수렴하지는 않습니다. 위 답변은 답변작성자가 경험과 지식을 바탕으로 작성한 내용입니다. 포인트로 감사할 때 참고해주세요.   2018.10.04."
98,복통,https://kin.naver.com/qna/detail.nhn?d1id=7&dirId=70104&docId=334000005&qb=67O17Ya1&enc=utf8&section=kin.qna&rank=99&search_sort=0&spq=0,1,무른변 설사 복통이 반복되는데 과민성 대장 증후군인가요?,궁금합니다,"안녕하세요. 대한의사협회·네이버 지식iN 상담의사 이무혁 입니다.   무른변 설사 복통이 반복되는 경우는..   치료 경험상 99%이상이       ( 과민성 대장 증후군 보다는..)   잘 못된   먹고 마시는 음식물관리에서 발생하고 지속됩니다.   - 따라서 음식물습관을 고치지 않으면 낫지 않습니다.   -  다음과 같이 추천합니다.    식사를 섬유질(잡곡식 90%이상의 잡곡밥 + 생야채 + 된장국 위주,,)            = 3가지를 기본식사로 하고 인스턴트 식품을 금지해야 합니다  (인스턴트류 = 라면, 빵,햄버거 ,피자. 핫도그, ,...과자류 + 콜라,사이다등 청량음료) (낫으면 자연식 위주로 섭취함 ) (변비 + 설사 치료를 염두에 둔다면 밥에 쌀을 빼고 100% 잡곡으로 해 보세요 가령 80% 현미 + 20% 찹쌀현미, 콩 , 수수..등 )   운동도 매우 중요합니다. 운동안하면 변이 잘 안나옵니다.            (하루 12000보 이상 걷기, 달리기 해 보세요.) (만보계 권함)  처음부터 무리하지 말고 매주 1000보씩 늘려 보세요   - 이 2가지로  반드시 고쳐지고 건강도 따라옵니다."
99,복통,https://kin.naver.com/qna/detail.nhn?d1id=7&dirId=70122&docId=332281345&qb=67O17Ya1&enc=utf8&section=kin.qna&rank=100&search_sort=0&spq=0,1,"3개월전에 복통으로 응급실 다녀왔었는데요ct찍고했는데 그냥 아무이상없음으로 한두시간있다가 퇴원했어요궁금한건 영수증엔 ""외래""라고 나와있는데 정부24시 진료받은내역 보니깐 ""입원""으로 되있던데 이거 고칠수없는거가요?",,답변 드리겠습니다
100,복통,https://kin.naver.com/qna/detail.nhn?d1id=7&dirId=7010102&docId=330136371&qb=67O17Ya1&enc=utf8&section=kin.qna&rank=101&search_sort=0&spq=0,0,"일주일째 복통을 앓고 있습니다.처음에 약국갔다가 소화제를 몇번 먹어도 낫질 않아작은 병원에 다녀왔고, 그곳에서 스트레스성 급성 위염같다고약을 지어줬으나 좀처럼 낫질 않았습니다. (복통이 계속 됨.)죽을 먹을 필요는 없다고 해서 정상식에 약을 먹었었죠.이후에도 계속 나아지질 않아서 큰병원에 갔습니다.하지만 따로 약이 맞지 않을 수도 있다며 주사 3방과 약 처방을 해주었고,더 심해지면 CT를 찍어보자고 했습니다.하지만 당일은 편하게 지냈으나 다음날 오전부터 다시 복통이 밀려왔습니다. 그래서 그날 하루는 끙끙대며 새벽에 응급실도 생각했지만버티고 버텨서 목요일인 어제 공복으로 병원에 갔습니다.근데 CT검사를 한 이후 복통이 멎었긴 했었고,CT결과는 별 이상이 없다며. 남은 약을 다 먹으면 될 것이라고 했지만 복통이 심해질 때를 대비해 약을 달라고 했더니 타이레놀을 처방해 주었습니다.문제는 오늘 아침이었습니다. 변은 잘 나왔지만 복통기미가 보여 아침으로 죽을 조금 먹고 남은 약과 타이레놀을 먹었습니다. 그리고 계속된 속쓰림에 죽을 너무 조금 먹은 게 아닌가 싶어 조금 더 먹은 상태지만 좀처럼 복통이 멎질 않습니다.컬러는 작은 병원에서 처방한 약, 흑백은 큰 병원에서 처방한 약입니다. (아침에는 스멕타를 제외하고 4종류의 약과 타이레놀을 복용했습니다.)아직까지 복통이 심합니다. 배꼽 위 부분이 쓰리고 구토기도 있습니다.제가 어떻게 해야 좋을까요? 오늘은 큰 병원 휴무일입니다.",,"안녕하십니까? 지식iN 사룰입니다☜   일주일째 복통을 앓고 있습니다. 처음에 약국갔다가 소화제를 몇번 먹어도 낫질 않아 작은 병원에 다녀왔고, 그곳에서 스트레스성 급성 위염같다고 약을 지어줬으나 좀처럼 낫질 않았습니다. (복통이 계속 됨.) 죽을 먹을 필요는 없다고 해서 정상식에 약을 먹었었죠. 그래도 죽이나 미음으로 먹었으면 좋았을 것을요.   이후에도 계속 나아지질 않아서 큰병원에 갔습니다. 하지만 따로 약이 맞지 않을 수도 있다며 주사 3방과 약 처방을 해주었고, 더 심해지면 CT를 찍어보자고 했습니다. 무슨 과로 가셨는지요?   하지만 당일은 편하게 지냈으나  다음날 오전부터 다시 복통이 밀려왔습니다.  그래서 그날 하루는 끙끙대며 새벽에 응급실도 생각했지만 버티고 버텨서 목요일인 어제 공복으로 병원에 갔습니다.   근데 CT검사를 한 이후 복통이 멎었긴 했었고, CT결과는 별 이상이 없다며. 남은 약을 다 먹으면 될 것이라고 했지만 복통이 심해질 때를 대비해 약을 달라고 했더니 타이레놀을 처방해 주었습니다.   문제는 오늘 아침이었습니다. 변은 잘 나왔지만 복통기미가 보여 아침으로 죽을 조금 먹고 남은 약과 타이레놀을 먹었습니다. 그리고 계속된 속쓰림에 죽을 너무 조금 먹은 게 아닌가 싶어 조금 더 먹은 상태지만 좀처럼 복통이 멎질 않습니다. 죽을 먹고 타이레통을 먹지 말고 소화제를 먹었으면 좋았을 것을.   컬러는 작은 병원에서 처방한 약, 흑백은 큰 병원에서 처방한 약입니다. (아침에는 스멕타를 제외하고 4종류의 약과 타이레놀을 복용했습니다.) 아직까지 복통이 심합니다. 배꼽 위 부분이 쓰리고 구토기도 있습니다. 제가 어떻게 해야 좋을까요? 오늘은 큰 병원 휴무일입니다. 119에 문의하면 오후, 야간, 주말 등에도 문을 열어서 진료를 보는 병원을 안내받을 수 있습니다. 건강보험도 적용되고요. 종합병원 소화기내과로 알아보시고 위, 대장내시경 검사를 받아보는 게 좋을 거 같습니다.   안녕히 계십시오☜  출처 : 무턱대고 병원들 가들 마라. : 분안의학(分案醫學, Separate guidance medicine)"
101,복통,https://kin.naver.com/qna/detail.nhn?d1id=7&dirId=7010102&docId=322922701&qb=67O17Ya1&enc=utf8&section=kin.qna&rank=102&search_sort=0&spq=0,1,금요일 새벽부터 설사및 복통,금요일 새벽부터 계속 설사하고 배꼽 주변이랑 아랫배가 아픕니다맹장인가해서 자기진단 부위 눌러보면 그렇게 안 아프고 배꼽 주변 누르면 아픈데 왜 그런가요복통은 좀 줄었는데 변을 보면 아랫배가 엄청 아파요식욕부진도 있는듯해요큰병원 가봐야 할까요,"안녕하세요. 하이닥-네이버 지식iN 상담의 심원섭 입니다.설사가 있으셨다니 장기능이 안좋으신가 봅니다. 배꼽주위의 통증의 가스가 장내에 저류될 때 이로인해장관 팽창이 일어나서 통증이 유발될 수 있습니다.통증이 있으시면 정장제나 가스제거제 등의 약물이 도움이 될 수 있으니 병원 진료를 받아 보시기 바랍니다.치료잘받으시기 바랍니다.감사합니다.            심원섭      외과 전문의      건강한미래항외과의원 031-414-8275   학력/자격 : 건국대학교 의학전문대학원 외래 초빙 교수 전공 : 대장항문외과      예약     홈페이지     위치       알아두세요!  1.질문자의 정보 참조 용도로 활용 가능하며, 정확한 개인 증상 파악은 의료 기관 내방을 통해 진행하시기 바랍니다. 2.상담의사의 최종적인 의학적 소견을 나타낸 것이 아니며, 답변을 제공한 개인 및 사업자의 법률적 책임이 없음을 알려드립니다. 3.시의적, 물리적 환경에 따라 변경된 의학적 이견을 가질 수 있으며, 의학적 소견이 상이한 여러 의견을 모두 수렴하지는 않습니다. 위 답변은 답변작성자가 경험과 지식을 바탕으로 작성한 내용입니다. 포인트로 감사할 때 참고해주세요.   2019.03.11."
102,복통,https://kin.naver.com/qna/detail.nhn?d1id=7&dirId=70117&docId=329701240&qb=67O17Ya1&enc=utf8&section=kin.qna&rank=103&search_sort=0&spq=0,1,임신 7주차 복통 설사때문에 저녁에 열이나는데 38.5타이레놀 이알 서방정먹어도될까요?,,안녕하세요. 하이닥-네이버 지식iN 상담의 이상욱 입니다.   요약: 영상 답변을 참고해 주세요  감사합니다.
